id,gridcode,gridname,countycode,countyname,citycode,cityname
1,,,,,,
2,,,,,,
3,,,,,,
4,,,,,,
5,,,,,,
6,,,,,,
7,,,,,,
8,,,,,,
9,,,,,,
10,,,,,,
11,,,,,,
12,,,,,,
13,,,,,,
14,,,,,,
15,,,,,,
16,,,,,,
17,,,,,,
18,,,,,,
19,BBWG0054,静海西北网格,BB,静海分公司,0022,天津市
20,BBWG0054,静海西北网格,BB,静海分公司,0022,天津市
21,,,,,,
22,,,,,,
23,,,,,,
24,B8WG0049,武清西北片区,B8,武清分公司,0022,天津市
25,B8WG0047,武清西南片区,B8,武清分公司,0022,天津市
26,,,,,,
27,,,,,,
28,B8WG0049,武清西北片区,B8,武清分公司,0022,天津市
29,,,,,,
30,B8WG0047,武清西南片区,B8,武清分公司,0022,天津市
31,B8WG0047,武清西南片区,B8,武清分公司,0022,天津市
32,,,,,,
33,,,,,,
34,,,,,,
35,B8WG0049,武清西北片区,B8,武清分公司,0022,天津市
36,,,,,,
37,B8WG0049,武清西北片区,B8,武清分公司,0022,天津市
38,B8WG0049,武清西北片区,B8,武清分公司,0022,天津市
39,B8WG0049,武清西北片区,B8,武清分公司,0022,天津市
40,B8WG0049,武清西北片区,B8,武清分公司,0022,天津市
41,,,,,,
42,,,,,,
43,,,,,,
44,,,,,,
45,,,,,,
46,B8WG0049,武清西北片区,B8,武清分公司,0022,天津市
47,B8WG0047,武清西南片区,B8,武清分公司,0022,天津市
48,B8WG0047,武清西南片区,B8,武清分公司,0022,天津市
49,B8WG0047,武清西南片区,B8,武清分公司,0022,天津市
50,B8WG0047,武清西南片区,B8,武清分公司,0022,天津市
51,B8WG0047,武清西南片区,B8,武清分公司,0022,天津市
52,B8WG0047,武清西南片区,B8,武清分公司,0022,天津市
53,B8WG0047,武清西南片区,B8,武清分公司,0022,天津市
54,B8WG0047,武清西南片区,B8,武清分公司,0022,天津市
55,B8WG0047,武清西南片区,B8,武清分公司,0022,天津市
56,,,,,,
57,B8WG0047,武清西南片区,B8,武清分公司,0022,天津市
58,B8WG0047,武清西南片区,B8,武清分公司,0022,天津市
59,B8WG0047,武清西南片区,B8,武清分公司,0022,天津市
60,BBWG0056,静海东区网格,BB,静海分公司,0022,天津市
61,B8WG0047,武清西南片区,B8,武清分公司,0022,天津市
62,,,,,,
63,B8WG0047,武清西南片区,B8,武清分公司,0022,天津市
64,B8WG0047,武清西南片区,B8,武清分公司,0022,天津市
65,BBWG0051,静海城区网格,BB,静海分公司,0022,天津市
66,BBWG0054,静海西北网格,BB,静海分公司,0022,天津市
67,B8WG0049,武清西北片区,B8,武清分公司,0022,天津市
68,BBWG0051,静海城区网格,BB,静海分公司,0022,天津市
69,,,,,,
70,BBWG0051,静海城区网格,BB,静海分公司,0022,天津市
71,BBWG0051,静海城区网格,BB,静海分公司,0022,天津市
72,BBWG0051,静海城区网格,BB,静海分公司,0022,天津市
73,BBWG0051,静海城区网格,BB,静海分公司,0022,天津市
74,BBWG0051,静海城区网格,BB,静海分公司,0022,天津市
75,BBWG0051,静海城区网格,BB,静海分公司,0022,天津市
76,BBWG0051,静海城区网格,BB,静海分公司,0022,天津市
77,BBWG0051,静海城区网格,BB,静海分公司,0022,天津市
78,BBWG0051,静海城区网格,BB,静海分公司,0022,天津市
79,BBWG0051,静海城区网格,BB,静海分公司,0022,天津市
80,BBWG0051,静海城区网格,BB,静海分公司,0022,天津市
81,B8WG0049,武清西北片区,B8,武清分公司,0022,天津市
82,BBWG0051,静海城区网格,BB,静海分公司,0022,天津市
83,BBWG0054,静海西北网格,BB,静海分公司,0022,天津市
84,B5WG0015,西青杨柳青网格,B5,西青分公司,0022,天津市
85,BBWG0051,静海城区网格,BB,静海分公司,0022,天津市
86,BBWG0051,静海城区网格,BB,静海分公司,0022,天津市
87,B5WG0015,西青杨柳青网格,B5,西青分公司,0022,天津市
88,B5WG0015,西青杨柳青网格,B5,西青分公司,0022,天津市
89,B5WG0015,西青杨柳青网格,B5,西青分公司,0022,天津市
90,B8WG0047,武清西南片区,B8,武清分公司,0022,天津市
91,B8WG0047,武清西南片区,B8,武清分公司,0022,天津市
92,B8WG0047,武清西南片区,B8,武清分公司,0022,天津市
93,BBWG0051,静海城区网格,BB,静海分公司,0022,天津市
94,B8WG0047,武清西南片区,B8,武清分公司,0022,天津市
95,B8WG0047,武清西南片区,B8,武清分公司,0022,天津市
96,B8WG0047,武清西南片区,B8,武清分公司,0022,天津市
97,B8WG0047,武清西南片区,B8,武清分公司,0022,天津市
98,B8WG0049,武清西北片区,B8,武清分公司,0022,天津市
99,B5WG0020,西青张家窝辛口,B5,西青分公司,0022,天津市
100,B5WG0015,西青杨柳青网格,B5,西青分公司,0022,天津市
101,B5WG0020,西青张家窝辛口,B5,西青分公司,0022,天津市
102,B5WG0015,西青杨柳青网格,B5,西青分公司,0022,天津市
103,B5WG0015,西青杨柳青网格,B5,西青分公司,0022,天津市
104,,,,,,
105,B5WG0015,西青杨柳青网格,B5,西青分公司,0022,天津市
106,B8WG0049,武清西北片区,B8,武清分公司,0022,天津市
107,B8WG0049,武清西北片区,B8,武清分公司,0022,天津市
108,B8WG0049,武清西北片区,B8,武清分公司,0022,天津市
109,B8WG0049,武清西北片区,B8,武清分公司,0022,天津市
110,B8WG0049,武清西北片区,B8,武清分公司,0022,天津市
111,BBWG0051,静海城区网格,BB,静海分公司,0022,天津市
112,B8WG0047,武清西南片区,B8,武清分公司,0022,天津市
113,BBWG0051,静海城区网格,BB,静海分公司,0022,天津市
114,B8WG0049,武清西北片区,B8,武清分公司,0022,天津市
115,B5WG0020,西青张家窝辛口,B5,西青分公司,0022,天津市
116,BBWG0051,静海城区网格,BB,静海分公司,0022,天津市
117,BBWG0051,静海城区网格,BB,静海分公司,0022,天津市
118,B8WG0047,武清西南片区,B8,武清分公司,0022,天津市
119,B8WG0049,武清西北片区,B8,武清分公司,0022,天津市
120,B8WG0049,武清西北片区,B8,武清分公司,0022,天津市
121,,,,,,
122,BBWG0054,静海西北网格,BB,静海分公司,0022,天津市
123,BBWG0054,静海西北网格,BB,静海分公司,0022,天津市
124,,,,,,
125,B8WG0049,武清西北片区,B8,武清分公司,0022,天津市
126,B8WG0047,武清西南片区,B8,武清分公司,0022,天津市
127,B5WG0015,西青杨柳青网格,B5,西青分公司,0022,天津市
128,B8WG0049,武清西北片区,B8,武清分公司,0022,天津市
129,B5WG0020,西青张家窝辛口,B5,西青分公司,0022,天津市
130,B5WG0015,西青杨柳青网格,B5,西青分公司,0022,天津市
131,BBWG0051,静海城区网格,BB,静海分公司,0022,天津市
132,BBWG0051,静海城区网格,BB,静海分公司,0022,天津市
133,BBWG0051,静海城区网格,BB,静海分公司,0022,天津市
134,BBWG0051,静海城区网格,BB,静海分公司,0022,天津市
135,BBWG0051,静海城区网格,BB,静海分公司,0022,天津市
136,BBWG0056,静海东区网格,BB,静海分公司,0022,天津市
137,B8WG0047,武清西南片区,B8,武清分公司,0022,天津市
138,B8WG0049,武清西北片区,B8,武清分公司,0022,天津市
139,B8WG0045,武清中心片区,B8,武清分公司,0022,天津市
140,B5WG0015,西青杨柳青网格,B5,西青分公司,0022,天津市
141,BBWG0051,静海城区网格,BB,静海分公司,0022,天津市
142,B8WG0045,武清中心片区,B8,武清分公司,0022,天津市
143,B8WG0048,武清东北片区,B8,武清分公司,0022,天津市
144,B8WG0048,武清东北片区,B8,武清分公司,0022,天津市
145,B5WG0015,西青杨柳青网格,B5,西青分公司,0022,天津市
146,B8WG0048,武清东北片区,B8,武清分公司,0022,天津市
147,B8WG0048,武清东北片区,B8,武清分公司,0022,天津市
148,B8WG0045,武清中心片区,B8,武清分公司,0022,天津市
149,BBWG0056,静海东区网格,BB,静海分公司,0022,天津市
150,BBWG0056,静海东区网格,BB,静海分公司,0022,天津市
151,B5WG0015,西青杨柳青网格,B5,西青分公司,0022,天津市
152,B5WG0015,西青杨柳青网格,B5,西青分公司,0022,天津市
153,B5WG0015,西青杨柳青网格,B5,西青分公司,0022,天津市
154,B8WG0045,武清中心片区,B8,武清分公司,0022,天津市
155,B5WG0020,西青张家窝辛口,B5,西青分公司,0022,天津市
156,B7WG0036,北辰双街双口青光镇网格,B7,北辰分公司,0022,天津市
157,B7WG0036,北辰双街双口青光镇网格,B7,北辰分公司,0022,天津市
158,B5WG0020,西青张家窝辛口,B5,西青分公司,0022,天津市
159,B5WG0015,西青杨柳青网格,B5,西青分公司,0022,天津市
160,B7WG0036,北辰双街双口青光镇网格,B7,北辰分公司,0022,天津市
161,B7WG0036,北辰双街双口青光镇网格,B7,北辰分公司,0022,天津市
162,,,,,,
163,B7WG0036,北辰双街双口青光镇网格,B7,北辰分公司,0022,天津市
164,B7WG0036,北辰双街双口青光镇网格,B7,北辰分公司,0022,天津市
165,B5WG0020,西青张家窝辛口,B5,西青分公司,0022,天津市
166,B5WG0020,西青张家窝辛口,B5,西青分公司,0022,天津市
167,B5WG0015,西青杨柳青网格,B5,西青分公司,0022,天津市
168,B5WG0015,西青杨柳青网格,B5,西青分公司,0022,天津市
169,B5WG0015,西青杨柳青网格,B5,西青分公司,0022,天津市
170,B5WG0015,西青杨柳青网格,B5,西青分公司,0022,天津市
171,B5WG0015,西青杨柳青网格,B5,西青分公司,0022,天津市
172,B7WG0036,北辰双街双口青光镇网格,B7,北辰分公司,0022,天津市
173,B5WG0015,西青杨柳青网格,B5,西青分公司,0022,天津市
174,B8WG0049,武清西北片区,B8,武清分公司,0022,天津市
175,B7WG0036,北辰双街双口青光镇网格,B7,北辰分公司,0022,天津市
176,B5WG0015,西青杨柳青网格,B5,西青分公司,0022,天津市
177,B5WG0015,西青杨柳青网格,B5,西青分公司,0022,天津市
178,B5WG0015,西青杨柳青网格,B5,西青分公司,0022,天津市
179,B7WG0036,北辰双街双口青光镇网格,B7,北辰分公司,0022,天津市
180,B5WG0015,西青杨柳青网格,B5,西青分公司,0022,天津市
181,B5WG0015,西青杨柳青网格,B5,西青分公司,0022,天津市
182,B7WG0036,北辰双街双口青光镇网格,B7,北辰分公司,0022,天津市
183,B7WG0036,北辰双街双口青光镇网格,B7,北辰分公司,0022,天津市
184,B5WG0015,西青杨柳青网格,B5,西青分公司,0022,天津市
185,B5WG0020,西青张家窝辛口,B5,西青分公司,0022,天津市
186,B5WG0020,西青张家窝辛口,B5,西青分公司,0022,天津市
187,B5WG0020,西青张家窝辛口,B5,西青分公司,0022,天津市
188,B5WG0020,西青张家窝辛口,B5,西青分公司,0022,天津市
189,B8WG0047,武清西南片区,B8,武清分公司,0022,天津市
190,,,,,,
191,B7WG0036,北辰双街双口青光镇网格,B7,北辰分公司,0022,天津市
192,B8WG0048,武清东北片区,B8,武清分公司,0022,天津市
193,B8WG0045,武清中心片区,B8,武清分公司,0022,天津市
194,,,,,,
195,B5WG0016,中北西营门,B5,西青分公司,0022,天津市
196,B5WG0016,中北西营门,B5,西青分公司,0022,天津市
197,B8WG0045,武清中心片区,B8,武清分公司,0022,天津市
198,B8WG0045,武清中心片区,B8,武清分公司,0022,天津市
199,B8WG0045,武清中心片区,B8,武清分公司,0022,天津市
200,B7WG0036,北辰双街双口青光镇网格,B7,北辰分公司,0022,天津市
201,B8WG0045,武清中心片区,B8,武清分公司,0022,天津市
202,BBWG0056,静海东区网格,BB,静海分公司,0022,天津市
203,B8WG0047,武清西南片区,B8,武清分公司,0022,天津市
204,B8WG0045,武清中心片区,B8,武清分公司,0022,天津市
205,B8WG0045,武清中心片区,B8,武清分公司,0022,天津市
206,B8WG0045,武清中心片区,B8,武清分公司,0022,天津市
207,B8WG0045,武清中心片区,B8,武清分公司,0022,天津市
208,BBWG0056,静海东区网格,BB,静海分公司,0022,天津市
209,B8WG0045,武清中心片区,B8,武清分公司,0022,天津市
210,B5WG0020,西青张家窝辛口,B5,西青分公司,0022,天津市
211,B8WG0047,武清西南片区,B8,武清分公司,0022,天津市
212,B8WG0045,武清中心片区,B8,武清分公司,0022,天津市
213,BBWG0057,静海南区网格,BB,静海分公司,0022,天津市
214,BBWG0057,静海南区网格,BB,静海分公司,0022,天津市
215,BBWG0057,静海南区网格,BB,静海分公司,0022,天津市
216,BBWG0057,静海南区网格,BB,静海分公司,0022,天津市
217,B8WG0045,武清中心片区,B8,武清分公司,0022,天津市
218,BBWG0056,静海东区网格,BB,静海分公司,0022,天津市
219,BBWG0056,静海东区网格,BB,静海分公司,0022,天津市
220,B8WG0045,武清中心片区,B8,武清分公司,0022,天津市
221,B8WG0045,武清中心片区,B8,武清分公司,0022,天津市
222,B8WG0045,武清中心片区,B8,武清分公司,0022,天津市
223,B8WG0045,武清中心片区,B8,武清分公司,0022,天津市
224,B8WG0045,武清中心片区,B8,武清分公司,0022,天津市
225,B8WG0045,武清中心片区,B8,武清分公司,0022,天津市
226,B8WG0045,武清中心片区,B8,武清分公司,0022,天津市
227,B5WG0016,中北西营门,B5,西青分公司,0022,天津市
228,B5WG0016,中北西营门,B5,西青分公司,0022,天津市
229,B8WG0045,武清中心片区,B8,武清分公司,0022,天津市
230,B8WG0045,武清中心片区,B8,武清分公司,0022,天津市
231,B5WG0016,中北西营门,B5,西青分公司,0022,天津市
232,B5WG0016,中北西营门,B5,西青分公司,0022,天津市
233,B5WG0016,中北西营门,B5,西青分公司,0022,天津市
234,B8WG0045,武清中心片区,B8,武清分公司,0022,天津市
235,B8WG0045,武清中心片区,B8,武清分公司,0022,天津市
236,B5WG0016,中北西营门,B5,西青分公司,0022,天津市
237,BBWG0056,静海东区网格,BB,静海分公司,0022,天津市
238,B8WG0045,武清中心片区,B8,武清分公司,0022,天津市
239,B8WG0043,武清东南片区,B8,武清分公司,0022,天津市
240,B8WG0043,武清东南片区,B8,武清分公司,0022,天津市
241,B8WG0045,武清中心片区,B8,武清分公司,0022,天津市
242,B7WG0036,北辰双街双口青光镇网格,B7,北辰分公司,0022,天津市
243,B8WG0045,武清中心片区,B8,武清分公司,0022,天津市
244,BBWG0056,静海东区网格,BB,静海分公司,0022,天津市
245,B8WG0045,武清中心片区,B8,武清分公司,0022,天津市
246,B8WG0043,武清东南片区,B8,武清分公司,0022,天津市
247,B8WG0043,武清东南片区,B8,武清分公司,0022,天津市
248,B7WG0036,北辰双街双口青光镇网格,B7,北辰分公司,0022,天津市
249,B7WG0036,北辰双街双口青光镇网格,B7,北辰分公司,0022,天津市
250,B7WG0036,北辰双街双口青光镇网格,B7,北辰分公司,0022,天津市
251,B7WG0036,北辰双街双口青光镇网格,B7,北辰分公司,0022,天津市
252,B7WG0036,北辰双街双口青光镇网格,B7,北辰分公司,0022,天津市
253,B7WG0036,北辰双街双口青光镇网格,B7,北辰分公司,0022,天津市
254,,,,,,
255,,,,,,
256,B7WG0036,北辰双街双口青光镇网格,B7,北辰分公司,0022,天津市
257,B7WG0036,北辰双街双口青光镇网格,B7,北辰分公司,0022,天津市
258,B7WG0036,北辰双街双口青光镇网格,B7,北辰分公司,0022,天津市
259,B7WG0036,北辰双街双口青光镇网格,B7,北辰分公司,0022,天津市
260,B7WG0036,北辰双街双口青光镇网格,B7,北辰分公司,0022,天津市
261,B5WG0016,中北西营门,B5,西青分公司,0022,天津市
262,B5WG0016,中北西营门,B5,西青分公司,0022,天津市
263,BBWG0056,静海东区网格,BB,静海分公司,0022,天津市
264,B5WG0016,中北西营门,B5,西青分公司,0022,天津市
265,B5WG0016,中北西营门,B5,西青分公司,0022,天津市
266,B5WG0016,中北西营门,B5,西青分公司,0022,天津市
267,B5WG0016,中北西营门,B5,西青分公司,0022,天津市
268,B5WG0016,中北西营门,B5,西青分公司,0022,天津市
269,B8WG0043,武清东南片区,B8,武清分公司,0022,天津市
270,B8WG0043,武清东南片区,B8,武清分公司,0022,天津市
271,B7WG0036,北辰双街双口青光镇网格,B7,北辰分公司,0022,天津市
272,B7WG0036,北辰双街双口青光镇网格,B7,北辰分公司,0022,天津市
273,B7WG0036,北辰双街双口青光镇网格,B7,北辰分公司,0022,天津市
274,B7WG0036,北辰双街双口青光镇网格,B7,北辰分公司,0022,天津市
275,B7WG0036,北辰双街双口青光镇网格,B7,北辰分公司,0022,天津市
276,B7WG0036,北辰双街双口青光镇网格,B7,北辰分公司,0022,天津市
277,B7WG0036,北辰双街双口青光镇网格,B7,北辰分公司,0022,天津市
278,B7WG0036,北辰双街双口青光镇网格,B7,北辰分公司,0022,天津市
279,B8WG0048,武清东北片区,B8,武清分公司,0022,天津市
280,B7WG0036,北辰双街双口青光镇网格,B7,北辰分公司,0022,天津市
281,B7WG0036,北辰双街双口青光镇网格,B7,北辰分公司,0022,天津市
282,B5WG0018,西青精武李七庄,B5,西青分公司,0022,天津市
283,B5WG0018,西青精武李七庄,B5,西青分公司,0022,天津市
284,B8WG0048,武清东北片区,B8,武清分公司,0022,天津市
285,B5WG0018,西青精武李七庄,B5,西青分公司,0022,天津市
286,B5WG0016,中北西营门,B5,西青分公司,0022,天津市
287,B5WG0016,中北西营门,B5,西青分公司,0022,天津市
288,B5WG0016,中北西营门,B5,西青分公司,0022,天津市
289,B7WG0036,北辰双街双口青光镇网格,B7,北辰分公司,0022,天津市
290,B5WG0016,中北西营门,B5,西青分公司,0022,天津市
291,B5WG0016,中北西营门,B5,西青分公司,0022,天津市
292,B7WG0036,北辰双街双口青光镇网格,B7,北辰分公司,0022,天津市
293,B5WG0016,中北西营门,B5,西青分公司,0022,天津市
294,B5WG0016,中北西营门,B5,西青分公司,0022,天津市
295,B5WG0016,中北西营门,B5,西青分公司,0022,天津市
296,B5WG0016,中北西营门,B5,西青分公司,0022,天津市
297,B7WG0036,北辰双街双口青光镇网格,B7,北辰分公司,0022,天津市
298,B7WG0036,北辰双街双口青光镇网格,B7,北辰分公司,0022,天津市
299,B7WG0036,北辰双街双口青光镇网格,B7,北辰分公司,0022,天津市
300,B7WG0036,北辰双街双口青光镇网格,B7,北辰分公司,0022,天津市
301,B7WG0036,北辰双街双口青光镇网格,B7,北辰分公司,0022,天津市
302,B5WG0016,中北西营门,B5,西青分公司,0022,天津市
303,B5WG0016,中北西营门,B5,西青分公司,0022,天津市
304,B5WG0016,中北西营门,B5,西青分公司,0022,天津市
305,B5WG0016,中北西营门,B5,西青分公司,0022,天津市
306,B5WG0016,中北西营门,B5,西青分公司,0022,天津市
307,B5WG0016,中北西营门,B5,西青分公司,0022,天津市
308,,,,,,
309,B5WG0016,中北西营门,B5,西青分公司,0022,天津市
310,B5WG0016,中北西营门,B5,西青分公司,0022,天津市
311,B5WG0016,中北西营门,B5,西青分公司,0022,天津市
312,B7WG0036,北辰双街双口青光镇网格,B7,北辰分公司,0022,天津市
313,B7WG0032,北辰天穆镇网格,B7,北辰分公司,0022,天津市
314,B7WG0032,北辰天穆镇网格,B7,北辰分公司,0022,天津市
315,B8WG0043,武清东南片区,B8,武清分公司,0022,天津市
316,B5WG0016,中北西营门,B5,西青分公司,0022,天津市
317,B5WG0016,中北西营门,B5,西青分公司,0022,天津市
318,B5WG0016,中北西营门,B5,西青分公司,0022,天津市
319,B5WG0016,中北西营门,B5,西青分公司,0022,天津市
320,B5WG0016,中北西营门,B5,西青分公司,0022,天津市
321,B5WG0016,中北西营门,B5,西青分公司,0022,天津市
322,B5WG0016,中北西营门,B5,西青分公司,0022,天津市
323,B5WG0016,中北西营门,B5,西青分公司,0022,天津市
324,B5WG0018,西青精武李七庄,B5,西青分公司,0022,天津市
325,B5WG0016,中北西营门,B5,西青分公司,0022,天津市
326,B5WG0016,中北西营门,B5,西青分公司,0022,天津市
327,B5WG0016,中北西营门,B5,西青分公司,0022,天津市
328,B5WG0016,中北西营门,B5,西青分公司,0022,天津市
329,B5WG0018,西青精武李七庄,B5,西青分公司,0022,天津市
330,B5WG0016,中北西营门,B5,西青分公司,0022,天津市
331,B5WG0016,中北西营门,B5,西青分公司,0022,天津市
332,B5WG0016,中北西营门,B5,西青分公司,0022,天津市
333,B5WG0016,中北西营门,B5,西青分公司,0022,天津市
334,B5WG0016,中北西营门,B5,西青分公司,0022,天津市
335,BBWG0056,静海东区网格,BB,静海分公司,0022,天津市
336,BBWG0056,静海东区网格,BB,静海分公司,0022,天津市
337,B5WG0016,中北西营门,B5,西青分公司,0022,天津市
338,B7WG0032,北辰天穆镇网格,B7,北辰分公司,0022,天津市
339,B7WG0030,北仓镇,B7,北辰分公司,0022,天津市
340,B7WG0030,北仓镇,B7,北辰分公司,0022,天津市
341,B5WG0018,西青精武李七庄,B5,西青分公司,0022,天津市
342,B5WG0016,中北西营门,B5,西青分公司,0022,天津市
343,B8WG0048,武清东北片区,B8,武清分公司,0022,天津市
344,BBWG0056,静海东区网格,BB,静海分公司,0022,天津市
345,B5WG0016,中北西营门,B5,西青分公司,0022,天津市
346,B7WG0032,北辰天穆镇网格,B7,北辰分公司,0022,天津市
347,B5WG0016,中北西营门,B5,西青分公司,0022,天津市
348,B5WG0016,中北西营门,B5,西青分公司,0022,天津市
349,B7WG0032,北辰天穆镇网格,B7,北辰分公司,0022,天津市
350,B2WG0029,南开2,B2,南开红桥分公司,0022,天津市
351,B8WG0048,武清东北片区,B8,武清分公司,0022,天津市
352,B5WG0018,西青精武李七庄,B5,西青分公司,0022,天津市
353,B5WG0016,中北西营门,B5,西青分公司,0022,天津市
354,B7WG0030,北仓镇,B7,北辰分公司,0022,天津市
355,B7WG0030,北仓镇,B7,北辰分公司,0022,天津市
356,,,,,,
357,B2WG0028,南开1,B2,南开红桥分公司,0022,天津市
358,B5WG0018,西青精武李七庄,B5,西青分公司,0022,天津市
359,B5WG0018,西青精武李七庄,B5,西青分公司,0022,天津市
360,B5WG0016,中北西营门,B5,西青分公司,0022,天津市
361,B5WG0016,中北西营门,B5,西青分公司,0022,天津市
362,B5WG0016,中北西营门,B5,西青分公司,0022,天津市
363,B2WG0028,南开1,B2,南开红桥分公司,0022,天津市
364,B5WG0016,中北西营门,B5,西青分公司,0022,天津市
365,B7WG0030,北仓镇,B7,北辰分公司,0022,天津市
366,B7WG0030,北仓镇,B7,北辰分公司,0022,天津市
367,B7WG0032,北辰天穆镇网格,B7,北辰分公司,0022,天津市
368,BBWG0056,静海东区网格,BB,静海分公司,0022,天津市
369,,,,,,
370,BBWG0056,静海东区网格,BB,静海分公司,0022,天津市
371,,,,,,
372,B8WG0043,武清东南片区,B8,武清分公司,0022,天津市
373,BBWG0057,静海南区网格,BB,静海分公司,0022,天津市
374,B5WG0018,西青精武李七庄,B5,西青分公司,0022,天津市
375,B7WG0032,北辰天穆镇网格,B7,北辰分公司,0022,天津市
376,B5WG0018,西青精武李七庄,B5,西青分公司,0022,天津市
377,B5WG0018,西青精武李七庄,B5,西青分公司,0022,天津市
378,,,,,,
379,B7WG0032,北辰天穆镇网格,B7,北辰分公司,0022,天津市
380,B7WG0032,北辰天穆镇网格,B7,北辰分公司,0022,天津市
381,B5WG0018,西青精武李七庄,B5,西青分公司,0022,天津市
382,B2WG0028,南开1,B2,南开红桥分公司,0022,天津市
383,B2WG0028,南开1,B2,南开红桥分公司,0022,天津市
384,B2WG0028,南开1,B2,南开红桥分公司,0022,天津市
385,BBWG0056,静海东区网格,BB,静海分公司,0022,天津市
386,B2WG0028,南开1,B2,南开红桥分公司,0022,天津市
387,B2WG0028,南开1,B2,南开红桥分公司,0022,天津市
388,B2WG0029,南开2,B2,南开红桥分公司,0022,天津市
389,B2WG0035,红桥1,B2,南开红桥分公司,0022,天津市
390,B2WG0028,南开1,B2,南开红桥分公司,0022,天津市
391,B2WG0029,南开2,B2,南开红桥分公司,0022,天津市
392,B2WG0029,南开2,B2,南开红桥分公司,0022,天津市
393,B2WG0029,南开2,B2,南开红桥分公司,0022,天津市
394,B2WG0029,南开2,B2,南开红桥分公司,0022,天津市
395,B2WG0029,南开2,B2,南开红桥分公司,0022,天津市
396,B2WG0029,南开2,B2,南开红桥分公司,0022,天津市
397,B2WG0029,南开2,B2,南开红桥分公司,0022,天津市
398,B2WG0033,红桥2,B2,南开红桥分公司,0022,天津市
399,B2WG0028,南开1,B2,南开红桥分公司,0022,天津市
400,B2WG0033,红桥2,B2,南开红桥分公司,0022,天津市
401,B2WG0029,南开2,B2,南开红桥分公司,0022,天津市
402,,,,,,
403,B5WG0018,西青精武李七庄,B5,西青分公司,0022,天津市
404,B2WG0028,南开1,B2,南开红桥分公司,0022,天津市
405,,,,,,
406,B2WG0035,红桥1,B2,南开红桥分公司,0022,天津市
407,B2WG0035,红桥1,B2,南开红桥分公司,0022,天津市
408,B7WG0030,北仓镇,B7,北辰分公司,0022,天津市
409,B2WG0029,南开2,B2,南开红桥分公司,0022,天津市
410,B2WG0035,红桥1,B2,南开红桥分公司,0022,天津市
411,B2WG0029,南开2,B2,南开红桥分公司,0022,天津市
412,B2WG0028,南开1,B2,南开红桥分公司,0022,天津市
413,B5WG0018,西青精武李七庄,B5,西青分公司,0022,天津市
414,B2WG0028,南开1,B2,南开红桥分公司,0022,天津市
415,BBWG0056,静海东区网格,BB,静海分公司,0022,天津市
416,B2WG0029,南开2,B2,南开红桥分公司,0022,天津市
417,BBWG0056,静海东区网格,BB,静海分公司,0022,天津市
418,B5WG0018,西青精武李七庄,B5,西青分公司,0022,天津市
419,B2WG0035,红桥1,B2,南开红桥分公司,0022,天津市
420,B2WG0035,红桥1,B2,南开红桥分公司,0022,天津市
421,B2WG0035,红桥1,B2,南开红桥分公司,0022,天津市
422,B2WG0035,红桥1,B2,南开红桥分公司,0022,天津市
423,,,,,,
424,B2WG0028,南开1,B2,南开红桥分公司,0022,天津市
425,B5WG0018,西青精武李七庄,B5,西青分公司,0022,天津市
426,,,,,,
427,B2WG0029,南开2,B2,南开红桥分公司,0022,天津市
428,B7WG0032,北辰天穆镇网格,B7,北辰分公司,0022,天津市
429,BBWG0056,静海东区网格,BB,静海分公司,0022,天津市
430,,,,,,
431,B2WG0029,南开2,B2,南开红桥分公司,0022,天津市
432,B2WG0035,红桥1,B2,南开红桥分公司,0022,天津市
433,B2WG0029,南开2,B2,南开红桥分公司,0022,天津市
434,B8WG0048,武清东北片区,B8,武清分公司,0022,天津市
435,B2WG0029,南开2,B2,南开红桥分公司,0022,天津市
436,BAWG0074,大港小王庄太平村网格,BA,大港分公司,0022,天津市
437,BAWG0074,大港小王庄太平村网格,BA,大港分公司,0022,天津市
438,BAWG0074,大港小王庄太平村网格,BA,大港分公司,0022,天津市
439,BAWG0074,大港小王庄太平村网格,BA,大港分公司,0022,天津市
440,B2WG0029,南开2,B2,南开红桥分公司,0022,天津市
441,B2WG0029,南开2,B2,南开红桥分公司,0022,天津市
442,B2WG0029,南开2,B2,南开红桥分公司,0022,天津市
443,B2WG0029,南开2,B2,南开红桥分公司,0022,天津市
444,B5WG0018,西青精武李七庄,B5,西青分公司,0022,天津市
445,B5WG0018,西青精武李七庄,B5,西青分公司,0022,天津市
446,B2WG0029,南开2,B2,南开红桥分公司,0022,天津市
447,B2WG0029,南开2,B2,南开红桥分公司,0022,天津市
448,B2WG0029,南开2,B2,南开红桥分公司,0022,天津市
449,B2WG0029,南开2,B2,南开红桥分公司,0022,天津市
450,,,,,,
451,B2WG0029,南开2,B2,南开红桥分公司,0022,天津市
452,BCWG0053,蓟州邦均网格,BC,蓟州分公司,0022,天津市
453,BBWG0056,静海东区网格,BB,静海分公司,0022,天津市
454,BBWG0056,静海东区网格,BB,静海分公司,0022,天津市
455,B2WG0035,红桥1,B2,南开红桥分公司,0022,天津市
456,B2WG0033,红桥2,B2,南开红桥分公司,0022,天津市
457,B2WG0033,红桥2,B2,南开红桥分公司,0022,天津市
458,B2WG0033,红桥2,B2,南开红桥分公司,0022,天津市
459,B2WG0033,红桥2,B2,南开红桥分公司,0022,天津市
460,B2WG0033,红桥2,B2,南开红桥分公司,0022,天津市
461,B2WG0033,红桥2,B2,南开红桥分公司,0022,天津市
462,B2WG0033,红桥2,B2,南开红桥分公司,0022,天津市
463,B2WG0033,红桥2,B2,南开红桥分公司,0022,天津市
464,B2WG0033,红桥2,B2,南开红桥分公司,0022,天津市
465,BBWG0056,静海东区网格,BB,静海分公司,0022,天津市
466,BBWG0056,静海东区网格,BB,静海分公司,0022,天津市
467,B5WG0017,西青王稳庄赤龙,B5,西青分公司,0022,天津市
468,BCWG0053,蓟州邦均网格,BC,蓟州分公司,0022,天津市
469,B2WG0035,红桥1,B2,南开红桥分公司,0022,天津市
470,B5WG0018,西青精武李七庄,B5,西青分公司,0022,天津市
471,B8WG0048,武清东北片区,B8,武清分公司,0022,天津市
472,B2WG0035,红桥1,B2,南开红桥分公司,0022,天津市
473,B7WG0030,北仓镇,B7,北辰分公司,0022,天津市
474,B7WG0030,北仓镇,B7,北辰分公司,0022,天津市
475,B5WG0018,西青精武李七庄,B5,西青分公司,0022,天津市
476,B5WG0018,西青精武李七庄,B5,西青分公司,0022,天津市
477,B2WG0029,南开2,B2,南开红桥分公司,0022,天津市
478,B2WG0029,南开2,B2,南开红桥分公司,0022,天津市
479,B5WG0018,西青精武李七庄,B5,西青分公司,0022,天津市
480,B5WG0018,西青精武李七庄,B5,西青分公司,0022,天津市
481,B2WG0033,红桥2,B2,南开红桥分公司,0022,天津市
482,,,,,,
483,,,,,,
484,B2WG0028,南开1,B2,南开红桥分公司,0022,天津市
485,B2WG0028,南开1,B2,南开红桥分公司,0022,天津市
486,B2WG0029,南开2,B2,南开红桥分公司,0022,天津市
487,B2WG0035,红桥1,B2,南开红桥分公司,0022,天津市
488,B5WG0018,西青精武李七庄,B5,西青分公司,0022,天津市
489,B5WG0018,西青精武李七庄,B5,西青分公司,0022,天津市
490,B5WG0018,西青精武李七庄,B5,西青分公司,0022,天津市
491,,,,,,
492,B3WG0039,河北河东1,B3,河北河东分公司,0022,天津市
493,B5WG0018,西青精武李七庄,B5,西青分公司,0022,天津市
494,B2WG0028,南开1,B2,南开红桥分公司,0022,天津市
495,B2WG0028,南开1,B2,南开红桥分公司,0022,天津市
496,B5WG0018,西青精武李七庄,B5,西青分公司,0022,天津市
497,B2WG0035,红桥1,B2,南开红桥分公司,0022,天津市
498,,,,,,
499,B2WG0031,南开3,B2,南开红桥分公司,0022,天津市
500,B2WG0028,南开1,B2,南开红桥分公司,0022,天津市
501,B5WG0018,西青精武李七庄,B5,西青分公司,0022,天津市
502,B5WG0018,西青精武李七庄,B5,西青分公司,0022,天津市
503,B2WG0029,南开2,B2,南开红桥分公司,0022,天津市
504,B2WG0029,南开2,B2,南开红桥分公司,0022,天津市
505,B2WG0029,南开2,B2,南开红桥分公司,0022,天津市
506,B2WG0029,南开2,B2,南开红桥分公司,0022,天津市
507,B2WG0029,南开2,B2,南开红桥分公司,0022,天津市
508,B2WG0031,南开3,B2,南开红桥分公司,0022,天津市
509,B2WG0028,南开1,B2,南开红桥分公司,0022,天津市
510,B1WG0021,和平河西新兴南营门南市,B1,和平河西分公司,0022,天津市
511,,,,,,
512,B1WG0021,和平河西新兴南营门南市,B1,和平河西分公司,0022,天津市
513,B1WG0021,和平河西新兴南营门南市,B1,和平河西分公司,0022,天津市
514,B1WG0021,和平河西新兴南营门南市,B1,和平河西分公司,0022,天津市
515,B1WG0021,和平河西新兴南营门南市,B1,和平河西分公司,0022,天津市
516,B8WG0048,武清东北片区,B8,武清分公司,0022,天津市
517,B8WG0048,武清东北片区,B8,武清分公司,0022,天津市
518,B1WG0021,和平河西新兴南营门南市,B1,和平河西分公司,0022,天津市
519,B5WG0018,西青精武李七庄,B5,西青分公司,0022,天津市
520,B5WG0018,西青精武李七庄,B5,西青分公司,0022,天津市
521,B1WG0021,和平河西新兴南营门南市,B1,和平河西分公司,0022,天津市
522,B5WG0018,西青精武李七庄,B5,西青分公司,0022,天津市
523,B3WG0039,河北河东1,B3,河北河东分公司,0022,天津市
524,,,,,,
525,B1WG0021,和平河西新兴南营门南市,B1,和平河西分公司,0022,天津市
526,B1WG0021,和平河西新兴南营门南市,B1,和平河西分公司,0022,天津市
527,B3WG0039,河北河东1,B3,河北河东分公司,0022,天津市
528,B1WG0021,和平河西新兴南营门南市,B1,和平河西分公司,0022,天津市
529,B1WG0021,和平河西新兴南营门南市,B1,和平河西分公司,0022,天津市
530,B1WG0021,和平河西新兴南营门南市,B1,和平河西分公司,0022,天津市
531,B1WG0022,和平河西劝业场小白楼五大道大营门,B1,和平河西分公司,0022,天津市
532,,,,,,
533,,,,,,
534,,,,,,
535,B1WG0022,和平河西劝业场小白楼五大道大营门,B1,和平河西分公司,0022,天津市
536,B1WG0021,和平河西新兴南营门南市,B1,和平河西分公司,0022,天津市
537,,,,,,
538,,,,,,
539,,,,,,
540,B5WG0018,西青精武李七庄,B5,西青分公司,0022,天津市
541,B1WG0024,和平河西马场道天塔友谊路,B1,和平河西分公司,0022,天津市
542,B5WG0018,西青精武李七庄,B5,西青分公司,0022,天津市
543,B1WG0021,和平河西新兴南营门南市,B1,和平河西分公司,0022,天津市
544,B1WG0024,和平河西马场道天塔友谊路,B1,和平河西分公司,0022,天津市
545,B5WG0018,西青精武李七庄,B5,西青分公司,0022,天津市
546,B5WG0018,西青精武李七庄,B5,西青分公司,0022,天津市
547,B1WG0022,和平河西劝业场小白楼五大道大营门,B1,和平河西分公司,0022,天津市
548,B2WG0031,南开3,B2,南开红桥分公司,0022,天津市
549,,,,,,
550,,,,,,
551,B3WG0039,河北河东1,B3,河北河东分公司,0022,天津市
552,B1WG0021,和平河西新兴南营门南市,B1,和平河西分公司,0022,天津市
553,,,,,,
554,,,,,,
555,B8WG0043,武清东南片区,B8,武清分公司,0022,天津市
556,B8WG0043,武清东南片区,B8,武清分公司,0022,天津市
557,B3WG0039,河北河东1,B3,河北河东分公司,0022,天津市
558,B8WG0043,武清东南片区,B8,武清分公司,0022,天津市
559,B8WG0043,武清东南片区,B8,武清分公司,0022,天津市
560,BDWG0012,宝坻西北网格,BD,宝坻分公司,0022,天津市
561,B5WG0018,西青精武李七庄,B5,西青分公司,0022,天津市
562,B8WG0043,武清东南片区,B8,武清分公司,0022,天津市
563,,,,,,
564,B8WG0043,武清东南片区,B8,武清分公司,0022,天津市
565,B7WG0030,北仓镇,B7,北辰分公司,0022,天津市
566,,,,,,
567,B7WG0030,北仓镇,B7,北辰分公司,0022,天津市
568,B1WG0022,和平河西劝业场小白楼五大道大营门,B1,和平河西分公司,0022,天津市
569,,,,,,
570,BAWG0074,大港小王庄太平村网格,BA,大港分公司,0022,天津市
571,B1WG0022,和平河西劝业场小白楼五大道大营门,B1,和平河西分公司,0022,天津市
572,B1WG0022,和平河西劝业场小白楼五大道大营门,B1,和平河西分公司,0022,天津市
573,BCWG0053,蓟州邦均网格,BC,蓟州分公司,0022,天津市
574,B7WG0034,北辰宜兴埠镇网格,B7,北辰分公司,0022,天津市
575,B5WG0019,西青大寺梅江,B5,西青分公司,0022,天津市
576,B3WG0041,河北河东3,B3,河北河东分公司,0022,天津市
577,B3WG0041,河北河东3,B3,河北河东分公司,0022,天津市
578,,,,,,
579,B3WG0041,河北河东3,B3,河北河东分公司,0022,天津市
580,B3WG0041,河北河东3,B3,河北河东分公司,0022,天津市
581,BDWG0012,宝坻西北网格,BD,宝坻分公司,0022,天津市
582,B3WG0041,河北河东3,B3,河北河东分公司,0022,天津市
583,BDWG0012,宝坻西北网格,BD,宝坻分公司,0022,天津市
584,BDWG0012,宝坻西北网格,BD,宝坻分公司,0022,天津市
585,BDWG0012,宝坻西北网格,BD,宝坻分公司,0022,天津市
586,BDWG0012,宝坻西北网格,BD,宝坻分公司,0022,天津市
587,B3WG0039,河北河东1,B3,河北河东分公司,0022,天津市
588,B3WG0039,河北河东1,B3,河北河东分公司,0022,天津市
589,B3WG0039,河北河东1,B3,河北河东分公司,0022,天津市
590,B3WG0039,河北河东1,B3,河北河东分公司,0022,天津市
591,B3WG0039,河北河东1,B3,河北河东分公司,0022,天津市
592,B3WG0039,河北河东1,B3,河北河东分公司,0022,天津市
593,BDWG0012,宝坻西北网格,BD,宝坻分公司,0022,天津市
594,B3WG0039,河北河东1,B3,河北河东分公司,0022,天津市
595,B7WG0037,北辰小淀大张庄西堤头网格,B7,北辰分公司,0022,天津市
596,B3WG0039,河北河东1,B3,河北河东分公司,0022,天津市
597,B3WG0039,河北河东1,B3,河北河东分公司,0022,天津市
598,,,,,,
599,B3WG0039,河北河东1,B3,河北河东分公司,0022,天津市
600,,,,,,
601,B3WG0039,河北河东1,B3,河北河东分公司,0022,天津市
602,BDWG0012,宝坻西北网格,BD,宝坻分公司,0022,天津市
603,BDWG0012,宝坻西北网格,BD,宝坻分公司,0022,天津市
604,B7WG0037,北辰小淀大张庄西堤头网格,B7,北辰分公司,0022,天津市
605,BDWG0012,宝坻西北网格,BD,宝坻分公司,0022,天津市
606,BDWG0012,宝坻西北网格,BD,宝坻分公司,0022,天津市
607,B3WG0039,河北河东1,B3,河北河东分公司,0022,天津市
608,B7WG0037,北辰小淀大张庄西堤头网格,B7,北辰分公司,0022,天津市
609,B1WG0024,和平河西马场道天塔友谊路,B1,和平河西分公司,0022,天津市
610,,,,,,
611,B1WG0024,和平河西马场道天塔友谊路,B1,和平河西分公司,0022,天津市
612,B3WG0039,河北河东1,B3,河北河东分公司,0022,天津市
613,B1WG0022,和平河西劝业场小白楼五大道大营门,B1,和平河西分公司,0022,天津市
614,B1WG0022,和平河西劝业场小白楼五大道大营门,B1,和平河西分公司,0022,天津市
615,B1WG0022,和平河西劝业场小白楼五大道大营门,B1,和平河西分公司,0022,天津市
616,B7WG0037,北辰小淀大张庄西堤头网格,B7,北辰分公司,0022,天津市
617,B3WG0039,河北河东1,B3,河北河东分公司,0022,天津市
618,B1WG0022,和平河西劝业场小白楼五大道大营门,B1,和平河西分公司,0022,天津市
619,B1WG0024,和平河西马场道天塔友谊路,B1,和平河西分公司,0022,天津市
620,B1WG0023,和平河西下瓦房桃园挂甲寺,B1,和平河西分公司,0022,天津市
621,B3WG0041,河北河东3,B3,河北河东分公司,0022,天津市
622,B7WG0037,北辰小淀大张庄西堤头网格,B7,北辰分公司,0022,天津市
623,,,,,,
624,B3WG0040,河北河东2,B3,河北河东分公司,0022,天津市
625,B3WG0041,河北河东3,B3,河北河东分公司,0022,天津市
626,B7WG0037,北辰小淀大张庄西堤头网格,B7,北辰分公司,0022,天津市
627,B5WG0017,西青王稳庄赤龙,B5,西青分公司,0022,天津市
628,B5WG0017,西青王稳庄赤龙,B5,西青分公司,0022,天津市
629,B5WG0019,西青大寺梅江,B5,西青分公司,0022,天津市
630,B5WG0019,西青大寺梅江,B5,西青分公司,0022,天津市
631,B5WG0017,西青王稳庄赤龙,B5,西青分公司,0022,天津市
632,B5WG0019,西青大寺梅江,B5,西青分公司,0022,天津市
633,B5WG0019,西青大寺梅江,B5,西青分公司,0022,天津市
634,B5WG0019,西青大寺梅江,B5,西青分公司,0022,天津市
635,B1WG0022,和平河西劝业场小白楼五大道大营门,B1,和平河西分公司,0022,天津市
636,B1WG0022,和平河西劝业场小白楼五大道大营门,B1,和平河西分公司,0022,天津市
637,B1WG0022,和平河西劝业场小白楼五大道大营门,B1,和平河西分公司,0022,天津市
638,B5WG0017,西青王稳庄赤龙,B5,西青分公司,0022,天津市
639,B1WG0023,和平河西下瓦房桃园挂甲寺,B1,和平河西分公司,0022,天津市
640,B7WG0034,北辰宜兴埠镇网格,B7,北辰分公司,0022,天津市
641,B5WG0017,西青王稳庄赤龙,B5,西青分公司,0022,天津市
642,B5WG0019,西青大寺梅江,B5,西青分公司,0022,天津市
643,B5WG0019,西青大寺梅江,B5,西青分公司,0022,天津市
644,B5WG0019,西青大寺梅江,B5,西青分公司,0022,天津市
645,B7WG0034,北辰宜兴埠镇网格,B7,北辰分公司,0022,天津市
646,B5WG0017,西青王稳庄赤龙,B5,西青分公司,0022,天津市
647,B5WG0017,西青王稳庄赤龙,B5,西青分公司,0022,天津市
648,B5WG0017,西青王稳庄赤龙,B5,西青分公司,0022,天津市
649,,,,,,
650,B1WG0022,和平河西劝业场小白楼五大道大营门,B1,和平河西分公司,0022,天津市
651,B5WG0019,西青大寺梅江,B5,西青分公司,0022,天津市
652,B5WG0019,西青大寺梅江,B5,西青分公司,0022,天津市
653,B1WG0023,和平河西下瓦房桃园挂甲寺,B1,和平河西分公司,0022,天津市
654,B3WG0041,河北河东3,B3,河北河东分公司,0022,天津市
655,B1WG0025,和平河西越秀路尖山梅江,B1,和平河西分公司,0022,天津市
656,B5WG0019,西青大寺梅江,B5,西青分公司,0022,天津市
657,B5WG0019,西青大寺梅江,B5,西青分公司,0022,天津市
658,B3WG0042,河北河东4,B3,河北河东分公司,0022,天津市
659,B3WG0042,河北河东4,B3,河北河东分公司,0022,天津市
660,B3WG0042,河北河东4,B3,河北河东分公司,0022,天津市
661,,,,,,
662,BDWG0012,宝坻西北网格,BD,宝坻分公司,0022,天津市
663,B5WG0019,西青大寺梅江,B5,西青分公司,0022,天津市
664,B3WG0040,河北河东2,B3,河北河东分公司,0022,天津市
665,B1WG0023,和平河西下瓦房桃园挂甲寺,B1,和平河西分公司,0022,天津市
666,B3WG0041,河北河东3,B3,河北河东分公司,0022,天津市
667,B3WG0041,河北河东3,B3,河北河东分公司,0022,天津市
668,B3WG0040,河北河东2,B3,河北河东分公司,0022,天津市
669,B3WG0040,河北河东2,B3,河北河东分公司,0022,天津市
670,B3WG0040,河北河东2,B3,河北河东分公司,0022,天津市
671,B3WG0041,河北河东3,B3,河北河东分公司,0022,天津市
672,BDWG0012,宝坻西北网格,BD,宝坻分公司,0022,天津市
673,B3WG0042,河北河东4,B3,河北河东分公司,0022,天津市
674,B1WG0022,和平河西劝业场小白楼五大道大营门,B1,和平河西分公司,0022,天津市
675,B1WG0022,和平河西劝业场小白楼五大道大营门,B1,和平河西分公司,0022,天津市
676,B3WG0042,河北河东4,B3,河北河东分公司,0022,天津市
677,B5WG0019,西青大寺梅江,B5,西青分公司,0022,天津市
678,,,,,,
679,B3WG0042,河北河东4,B3,河北河东分公司,0022,天津市
680,B5WG0019,西青大寺梅江,B5,西青分公司,0022,天津市
681,B5WG0019,西青大寺梅江,B5,西青分公司,0022,天津市
682,B5WG0019,西青大寺梅江,B5,西青分公司,0022,天津市
683,B5WG0019,西青大寺梅江,B5,西青分公司,0022,天津市
684,,,,,,
685,B5WG0019,西青大寺梅江,B5,西青分公司,0022,天津市
686,,,,,,
687,B1WG0025,和平河西越秀路尖山梅江,B1,和平河西分公司,0022,天津市
688,B5WG0019,西青大寺梅江,B5,西青分公司,0022,天津市
689,B3WG0041,河北河东3,B3,河北河东分公司,0022,天津市
690,B1WG0024,和平河西马场道天塔友谊路,B1,和平河西分公司,0022,天津市
691,B7WG0034,北辰宜兴埠镇网格,B7,北辰分公司,0022,天津市
692,B7WG0034,北辰宜兴埠镇网格,B7,北辰分公司,0022,天津市
693,B5WG0019,西青大寺梅江,B5,西青分公司,0022,天津市
694,B3WG0041,河北河东3,B3,河北河东分公司,0022,天津市
695,B3WG0042,河北河东4,B3,河北河东分公司,0022,天津市
696,B1WG0025,和平河西越秀路尖山梅江,B1,和平河西分公司,0022,天津市
697,B5WG0017,西青王稳庄赤龙,B5,西青分公司,0022,天津市
698,B5WG0017,西青王稳庄赤龙,B5,西青分公司,0022,天津市
699,B5WG0019,西青大寺梅江,B5,西青分公司,0022,天津市
700,B5WG0017,西青王稳庄赤龙,B5,西青分公司,0022,天津市
701,B5WG0017,西青王稳庄赤龙,B5,西青分公司,0022,天津市
702,B5WG0017,西青王稳庄赤龙,B5,西青分公司,0022,天津市
703,B5WG0017,西青王稳庄赤龙,B5,西青分公司,0022,天津市
704,B5WG0017,西青王稳庄赤龙,B5,西青分公司,0022,天津市
705,B1WG0025,和平河西越秀路尖山梅江,B1,和平河西分公司,0022,天津市
706,B5WG0017,西青王稳庄赤龙,B5,西青分公司,0022,天津市
707,B5WG0017,西青王稳庄赤龙,B5,西青分公司,0022,天津市
708,B5WG0017,西青王稳庄赤龙,B5,西青分公司,0022,天津市
709,B5WG0017,西青王稳庄赤龙,B5,西青分公司,0022,天津市
710,B5WG0017,西青王稳庄赤龙,B5,西青分公司,0022,天津市
711,B3WG0041,河北河东3,B3,河北河东分公司,0022,天津市
712,B3WG0041,河北河东3,B3,河北河东分公司,0022,天津市
713,B5WG0017,西青王稳庄赤龙,B5,西青分公司,0022,天津市
714,B1WG0025,和平河西越秀路尖山梅江,B1,和平河西分公司,0022,天津市
715,B5WG0017,西青王稳庄赤龙,B5,西青分公司,0022,天津市
716,B5WG0017,西青王稳庄赤龙,B5,西青分公司,0022,天津市
717,B5WG0017,西青王稳庄赤龙,B5,西青分公司,0022,天津市
718,B3WG0041,河北河东3,B3,河北河东分公司,0022,天津市
719,B7WG0034,北辰宜兴埠镇网格,B7,北辰分公司,0022,天津市
720,B7WG0034,北辰宜兴埠镇网格,B7,北辰分公司,0022,天津市
721,B7WG0034,北辰宜兴埠镇网格,B7,北辰分公司,0022,天津市
722,B1WG0025,和平河西越秀路尖山梅江,B1,和平河西分公司,0022,天津市
723,B7WG0037,北辰小淀大张庄西堤头网格,B7,北辰分公司,0022,天津市
724,B3WG0042,河北河东4,B3,河北河东分公司,0022,天津市
725,B1WG0025,和平河西越秀路尖山梅江,B1,和平河西分公司,0022,天津市
726,,,,,,
727,B5WG0017,西青王稳庄赤龙,B5,西青分公司,0022,天津市
728,B7WG0034,北辰宜兴埠镇网格,B7,北辰分公司,0022,天津市
729,B5WG0019,西青大寺梅江,B5,西青分公司,0022,天津市
730,,,,,,
731,B7WG0034,北辰宜兴埠镇网格,B7,北辰分公司,0022,天津市
732,B7WG0037,北辰小淀大张庄西堤头网格,B7,北辰分公司,0022,天津市
733,B3WG0041,河北河东3,B3,河北河东分公司,0022,天津市
734,B5WG0017,西青王稳庄赤龙,B5,西青分公司,0022,天津市
735,B5WG0017,西青王稳庄赤龙,B5,西青分公司,0022,天津市
736,B5WG0017,西青王稳庄赤龙,B5,西青分公司,0022,天津市
737,B5WG0017,西青王稳庄赤龙,B5,西青分公司,0022,天津市
738,B5WG0017,西青王稳庄赤龙,B5,西青分公司,0022,天津市
739,B7WG0037,北辰小淀大张庄西堤头网格,B7,北辰分公司,0022,天津市
740,B7WG0037,北辰小淀大张庄西堤头网格,B7,北辰分公司,0022,天津市
741,B1WG0025,和平河西越秀路尖山梅江,B1,和平河西分公司,0022,天津市
742,B5WG0017,西青王稳庄赤龙,B5,西青分公司,0022,天津市
743,,,,,,
744,B1WG0025,和平河西越秀路尖山梅江,B1,和平河西分公司,0022,天津市
745,B3WG0042,河北河东4,B3,河北河东分公司,0022,天津市
746,B7WG0037,北辰小淀大张庄西堤头网格,B7,北辰分公司,0022,天津市
747,B5WG0017,西青王稳庄赤龙,B5,西青分公司,0022,天津市
748,B3WG0042,河北河东4,B3,河北河东分公司,0022,天津市
749,B5WG0017,西青王稳庄赤龙,B5,西青分公司,0022,天津市
750,,,,,,
751,B1WG0023,和平河西下瓦房桃园挂甲寺,B1,和平河西分公司,0022,天津市
752,BAWG0073,大港中塘网格,BA,大港分公司,0022,天津市
753,B3WG0040,河北河东2,B3,河北河东分公司,0022,天津市
754,,,,,,
755,B1WG0026,和平河西柳林东海陈塘庄,B1,和平河西分公司,0022,天津市
756,B3WG0040,河北河东2,B3,河北河东分公司,0022,天津市
757,B1WG0026,和平河西柳林东海陈塘庄,B1,和平河西分公司,0022,天津市
758,B1WG0026,和平河西柳林东海陈塘庄,B1,和平河西分公司,0022,天津市
759,BAWG0073,大港中塘网格,BA,大港分公司,0022,天津市
760,B3WG0042,河北河东4,B3,河北河东分公司,0022,天津市
761,B1WG0023,和平河西下瓦房桃园挂甲寺,B1,和平河西分公司,0022,天津市
762,B1WG0023,和平河西下瓦房桃园挂甲寺,B1,和平河西分公司,0022,天津市
763,B3WG0042,河北河东4,B3,河北河东分公司,0022,天津市
764,B3WG0040,河北河东2,B3,河北河东分公司,0022,天津市
765,B1WG0023,和平河西下瓦房桃园挂甲寺,B1,和平河西分公司,0022,天津市
766,,,,,,
767,B3WG0040,河北河东2,B3,河北河东分公司,0022,天津市
768,B5WG0019,西青大寺梅江,B5,西青分公司,0022,天津市
769,B3WG0040,河北河东2,B3,河北河东分公司,0022,天津市
770,B3WG0040,河北河东2,B3,河北河东分公司,0022,天津市
771,B3WG0040,河北河东2,B3,河北河东分公司,0022,天津市
772,B3WG0042,河北河东4,B3,河北河东分公司,0022,天津市
773,,,,,,
774,B3WG0042,河北河东4,B3,河北河东分公司,0022,天津市
775,B3WG0042,河北河东4,B3,河北河东分公司,0022,天津市
776,B3WG0042,河北河东4,B3,河北河东分公司,0022,天津市
777,B3WG0042,河北河东4,B3,河北河东分公司,0022,天津市
778,B3WG0042,河北河东4,B3,河北河东分公司,0022,天津市
779,B3WG0042,河北河东4,B3,河北河东分公司,0022,天津市
780,,,,,,
781,,,,,,
782,,,,,,
783,B3WG0042,河北河东4,B3,河北河东分公司,0022,天津市
784,B3WG0044,河北河东6,B3,河北河东分公司,0022,天津市
785,B3WG0044,河北河东6,B3,河北河东分公司,0022,天津市
786,B3WG0041,河北河东3,B3,河北河东分公司,0022,天津市
787,,,,,,
788,,,,,,
789,B1WG0026,和平河西柳林东海陈塘庄,B1,和平河西分公司,0022,天津市
790,B5WG0017,西青王稳庄赤龙,B5,西青分公司,0022,天津市
791,B3WG0041,河北河东3,B3,河北河东分公司,0022,天津市
792,B3WG0042,河北河东4,B3,河北河东分公司,0022,天津市
793,BDWG0014,宝坻西南网格,BD,宝坻分公司,0022,天津市
794,B5WG0019,西青大寺梅江,B5,西青分公司,0022,天津市
795,BCWG0053,蓟州邦均网格,BC,蓟州分公司,0022,天津市
796,,,,,,
797,B3WG0041,河北河东3,B3,河北河东分公司,0022,天津市
798,B3WG0041,河北河东3,B3,河北河东分公司,0022,天津市
799,B3WG0040,河北河东2,B3,河北河东分公司,0022,天津市
800,B3WG0044,河北河东6,B3,河北河东分公司,0022,天津市
801,B1WG0026,和平河西柳林东海陈塘庄,B1,和平河西分公司,0022,天津市
802,B3WG0040,河北河东2,B3,河北河东分公司,0022,天津市
803,B3WG0040,河北河东2,B3,河北河东分公司,0022,天津市
804,BCWG0053,蓟州邦均网格,BC,蓟州分公司,0022,天津市
805,B3WG0044,河北河东6,B3,河北河东分公司,0022,天津市
806,B5WG0019,西青大寺梅江,B5,西青分公司,0022,天津市
807,B3WG0046,河北河东5,B3,河北河东分公司,0022,天津市
808,B3WG0041,河北河东3,B3,河北河东分公司,0022,天津市
809,B3WG0040,河北河东2,B3,河北河东分公司,0022,天津市
810,B5WG0017,西青王稳庄赤龙,B5,西青分公司,0022,天津市
811,B3WG0040,河北河东2,B3,河北河东分公司,0022,天津市
812,B3WG0040,河北河东2,B3,河北河东分公司,0022,天津市
813,B5WG0019,西青大寺梅江,B5,西青分公司,0022,天津市
814,B5WG0019,西青大寺梅江,B5,西青分公司,0022,天津市
815,B3WG0040,河北河东2,B3,河北河东分公司,0022,天津市
816,BDWG0012,宝坻西北网格,BD,宝坻分公司,0022,天津市
817,B3WG0040,河北河东2,B3,河北河东分公司,0022,天津市
818,B6WG0063,东丽五组网格,B6,东丽分公司,0022,天津市
819,B6WG0063,东丽五组网格,B6,东丽分公司,0022,天津市
820,B5WG0017,西青王稳庄赤龙,B5,西青分公司,0022,天津市
821,B9WG0078,津南北区网格,B9,津南分公司,0022,天津市
822,B6WG0063,东丽五组网格,B6,东丽分公司,0022,天津市
823,B3WG0046,河北河东5,B3,河北河东分公司,0022,天津市
824,B3WG0044,河北河东6,B3,河北河东分公司,0022,天津市
825,B5WG0017,西青王稳庄赤龙,B5,西青分公司,0022,天津市
826,B3WG0040,河北河东2,B3,河北河东分公司,0022,天津市
827,B3WG0040,河北河东2,B3,河北河东分公司,0022,天津市
828,B6WG0063,东丽五组网格,B6,东丽分公司,0022,天津市
829,B6WG0063,东丽五组网格,B6,东丽分公司,0022,天津市
830,B6WG0063,东丽五组网格,B6,东丽分公司,0022,天津市
831,B6WG0063,东丽五组网格,B6,东丽分公司,0022,天津市
832,B6WG0063,东丽五组网格,B6,东丽分公司,0022,天津市
833,B6WG0063,东丽五组网格,B6,东丽分公司,0022,天津市
834,B6WG0063,东丽五组网格,B6,东丽分公司,0022,天津市
835,B6WG0063,东丽五组网格,B6,东丽分公司,0022,天津市
836,BDWG0012,宝坻西北网格,BD,宝坻分公司,0022,天津市
837,B8WG0043,武清东南片区,B8,武清分公司,0022,天津市
838,B1WG0026,和平河西柳林东海陈塘庄,B1,和平河西分公司,0022,天津市
839,B1WG0026,和平河西柳林东海陈塘庄,B1,和平河西分公司,0022,天津市
840,B9WG0078,津南北区网格,B9,津南分公司,0022,天津市
841,BCWG0053,蓟州邦均网格,BC,蓟州分公司,0022,天津市
842,B3WG0044,河北河东6,B3,河北河东分公司,0022,天津市
843,B3WG0044,河北河东6,B3,河北河东分公司,0022,天津市
844,B9WG0078,津南北区网格,B9,津南分公司,0022,天津市
845,B1WG0026,和平河西柳林东海陈塘庄,B1,和平河西分公司,0022,天津市
846,,,,,,
847,B1WG0026,和平河西柳林东海陈塘庄,B1,和平河西分公司,0022,天津市
848,B3WG0044,河北河东6,B3,河北河东分公司,0022,天津市
849,B3WG0044,河北河东6,B3,河北河东分公司,0022,天津市
850,B6WG0063,东丽五组网格,B6,东丽分公司,0022,天津市
851,B6WG0063,东丽五组网格,B6,东丽分公司,0022,天津市
852,,,,,,
853,B6WG0063,东丽五组网格,B6,东丽分公司,0022,天津市
854,BDWG0012,宝坻西北网格,BD,宝坻分公司,0022,天津市
855,BCWG0053,蓟州邦均网格,BC,蓟州分公司,0022,天津市
856,B8WG0043,武清东南片区,B8,武清分公司,0022,天津市
857,B1WG0026,和平河西柳林东海陈塘庄,B1,和平河西分公司,0022,天津市
858,B1WG0026,和平河西柳林东海陈塘庄,B1,和平河西分公司,0022,天津市
859,B3WG0044,河北河东6,B3,河北河东分公司,0022,天津市
860,B3WG0044,河北河东6,B3,河北河东分公司,0022,天津市
861,B1WG0026,和平河西柳林东海陈塘庄,B1,和平河西分公司,0022,天津市
862,B1WG0026,和平河西柳林东海陈塘庄,B1,和平河西分公司,0022,天津市
863,B1WG0026,和平河西柳林东海陈塘庄,B1,和平河西分公司,0022,天津市
864,B1WG0026,和平河西柳林东海陈塘庄,B1,和平河西分公司,0022,天津市
865,B3WG0044,河北河东6,B3,河北河东分公司,0022,天津市
866,B6WG0063,东丽五组网格,B6,东丽分公司,0022,天津市
867,B6WG0063,东丽五组网格,B6,东丽分公司,0022,天津市
868,B3WG0046,河北河东5,B3,河北河东分公司,0022,天津市
869,B6WG0063,东丽五组网格,B6,东丽分公司,0022,天津市
870,B3WG0042,河北河东4,B3,河北河东分公司,0022,天津市
871,BCWG0053,蓟州邦均网格,BC,蓟州分公司,0022,天津市
872,BDWG0012,宝坻西北网格,BD,宝坻分公司,0022,天津市
873,B9WG0078,津南北区网格,B9,津南分公司,0022,天津市
874,B9WG0078,津南北区网格,B9,津南分公司,0022,天津市
875,BDWG0012,宝坻西北网格,BD,宝坻分公司,0022,天津市
876,B3WG0042,河北河东4,B3,河北河东分公司,0022,天津市
877,B3WG0046,河北河东5,B3,河北河东分公司,0022,天津市
878,B3WG0046,河北河东5,B3,河北河东分公司,0022,天津市
879,B6WG0063,东丽五组网格,B6,东丽分公司,0022,天津市
880,B6WG0063,东丽五组网格,B6,东丽分公司,0022,天津市
881,B6WG0063,东丽五组网格,B6,东丽分公司,0022,天津市
882,,,,,,
883,B3WG0044,河北河东6,B3,河北河东分公司,0022,天津市
884,BCWG0053,蓟州邦均网格,BC,蓟州分公司,0022,天津市
885,BDWG0012,宝坻西北网格,BD,宝坻分公司,0022,天津市
886,BDWG0012,宝坻西北网格,BD,宝坻分公司,0022,天津市
887,B7WG0034,北辰宜兴埠镇网格,B7,北辰分公司,0022,天津市
888,BDWG0012,宝坻西北网格,BD,宝坻分公司,0022,天津市
889,B7WG0034,北辰宜兴埠镇网格,B7,北辰分公司,0022,天津市
890,B9WG0078,津南北区网格,B9,津南分公司,0022,天津市
891,B9WG0078,津南北区网格,B9,津南分公司,0022,天津市
892,B9WG0078,津南北区网格,B9,津南分公司,0022,天津市
893,B9WG0078,津南北区网格,B9,津南分公司,0022,天津市
894,B9WG0078,津南北区网格,B9,津南分公司,0022,天津市
895,B9WG0078,津南北区网格,B9,津南分公司,0022,天津市
896,B9WG0078,津南北区网格,B9,津南分公司,0022,天津市
897,B3WG0044,河北河东6,B3,河北河东分公司,0022,天津市
898,B7WG0034,北辰宜兴埠镇网格,B7,北辰分公司,0022,天津市
899,B9WG0078,津南北区网格,B9,津南分公司,0022,天津市
900,B7WG0034,北辰宜兴埠镇网格,B7,北辰分公司,0022,天津市
901,B9WG0078,津南北区网格,B9,津南分公司,0022,天津市
902,B9WG0078,津南北区网格,B9,津南分公司,0022,天津市
903,B9WG0078,津南北区网格,B9,津南分公司,0022,天津市
904,B3WG0046,河北河东5,B3,河北河东分公司,0022,天津市
905,,,,,,
906,BDWG0012,宝坻西北网格,BD,宝坻分公司,0022,天津市
907,B9WG0078,津南北区网格,B9,津南分公司,0022,天津市
908,B6WG0062,东丽四组网格,B6,东丽分公司,0022,天津市
909,B3WG0046,河北河东5,B3,河北河东分公司,0022,天津市
910,,,,,,
911,B6WG0062,东丽四组网格,B6,东丽分公司,0022,天津市
912,B9WG0078,津南北区网格,B9,津南分公司,0022,天津市
913,B6WG0063,东丽五组网格,B6,东丽分公司,0022,天津市
914,B3WG0046,河北河东5,B3,河北河东分公司,0022,天津市
915,B3WG0046,河北河东5,B3,河北河东分公司,0022,天津市
916,B3WG0046,河北河东5,B3,河北河东分公司,0022,天津市
917,B9WG0078,津南北区网格,B9,津南分公司,0022,天津市
918,BDWG0012,宝坻西北网格,BD,宝坻分公司,0022,天津市
919,B3WG0046,河北河东5,B3,河北河东分公司,0022,天津市
920,BDWG0012,宝坻西北网格,BD,宝坻分公司,0022,天津市
921,BDWG0011,宝坻城区,BD,宝坻分公司,0022,天津市
922,BDWG0011,宝坻城区,BD,宝坻分公司,0022,天津市
923,BDWG0012,宝坻西北网格,BD,宝坻分公司,0022,天津市
924,B6WG0063,东丽五组网格,B6,东丽分公司,0022,天津市
925,B3WG0046,河北河东5,B3,河北河东分公司,0022,天津市
926,BDWG0012,宝坻西北网格,BD,宝坻分公司,0022,天津市
927,B3WG0044,河北河东6,B3,河北河东分公司,0022,天津市
928,BDWG0012,宝坻西北网格,BD,宝坻分公司,0022,天津市
929,BDWG0012,宝坻西北网格,BD,宝坻分公司,0022,天津市
930,BDWG0012,宝坻西北网格,BD,宝坻分公司,0022,天津市
931,B6WG0063,东丽五组网格,B6,东丽分公司,0022,天津市
932,B3WG0044,河北河东6,B3,河北河东分公司,0022,天津市
933,B3WG0046,河北河东5,B3,河北河东分公司,0022,天津市
934,B3WG0046,河北河东5,B3,河北河东分公司,0022,天津市
935,B7WG0037,北辰小淀大张庄西堤头网格,B7,北辰分公司,0022,天津市
936,B6WG0063,东丽五组网格,B6,东丽分公司,0022,天津市
937,,,,,,
938,BDWG0014,宝坻西南网格,BD,宝坻分公司,0022,天津市
939,B3WG0046,河北河东5,B3,河北河东分公司,0022,天津市
940,,,,,,
941,B7WG0037,北辰小淀大张庄西堤头网格,B7,北辰分公司,0022,天津市
942,B3WG0044,河北河东6,B3,河北河东分公司,0022,天津市
943,BDWG0011,宝坻城区,BD,宝坻分公司,0022,天津市
944,BDWG0011,宝坻城区,BD,宝坻分公司,0022,天津市
945,B5WG0017,西青王稳庄赤龙,B5,西青分公司,0022,天津市
946,B5WG0017,西青王稳庄赤龙,B5,西青分公司,0022,天津市
947,B1WG0026,和平河西柳林东海陈塘庄,B1,和平河西分公司,0022,天津市
948,B1WG0026,和平河西柳林东海陈塘庄,B1,和平河西分公司,0022,天津市
949,B1WG0026,和平河西柳林东海陈塘庄,B1,和平河西分公司,0022,天津市
950,B1WG0026,和平河西柳林东海陈塘庄,B1,和平河西分公司,0022,天津市
951,,,,,,
952,B1WG0026,和平河西柳林东海陈塘庄,B1,和平河西分公司,0022,天津市
953,B1WG0026,和平河西柳林东海陈塘庄,B1,和平河西分公司,0022,天津市
954,B1WG0026,和平河西柳林东海陈塘庄,B1,和平河西分公司,0022,天津市
955,B1WG0026,和平河西柳林东海陈塘庄,B1,和平河西分公司,0022,天津市
956,B6WG0059,东丽一组网格,B6,东丽分公司,0022,天津市
957,B1WG0026,和平河西柳林东海陈塘庄,B1,和平河西分公司,0022,天津市
958,B9WG0078,津南北区网格,B9,津南分公司,0022,天津市
959,BAWG0073,大港中塘网格,BA,大港分公司,0022,天津市
960,BAWG0073,大港中塘网格,BA,大港分公司,0022,天津市
961,B9WG0078,津南北区网格,B9,津南分公司,0022,天津市
962,B9WG0078,津南北区网格,B9,津南分公司,0022,天津市
963,B6WG0059,东丽一组网格,B6,东丽分公司,0022,天津市
964,BDWG0011,宝坻城区,BD,宝坻分公司,0022,天津市
965,B6WG0059,东丽一组网格,B6,东丽分公司,0022,天津市
966,B3WG0044,河北河东6,B3,河北河东分公司,0022,天津市
967,B3WG0044,河北河东6,B3,河北河东分公司,0022,天津市
968,BDWG0014,宝坻西南网格,BD,宝坻分公司,0022,天津市
969,B6WG0059,东丽一组网格,B6,东丽分公司,0022,天津市
970,B3WG0044,河北河东6,B3,河北河东分公司,0022,天津市
971,BDWG0012,宝坻西北网格,BD,宝坻分公司,0022,天津市
972,,,,,,
973,BDWG0012,宝坻西北网格,BD,宝坻分公司,0022,天津市
974,BDWG0012,宝坻西北网格,BD,宝坻分公司,0022,天津市
975,B6WG0062,东丽四组网格,B6,东丽分公司,0022,天津市
976,BDWG0014,宝坻西南网格,BD,宝坻分公司,0022,天津市
977,B6WG0059,东丽一组网格,B6,东丽分公司,0022,天津市
978,B6WG0059,东丽一组网格,B6,东丽分公司,0022,天津市
979,B6WG0059,东丽一组网格,B6,东丽分公司,0022,天津市
980,B6WG0059,东丽一组网格,B6,东丽分公司,0022,天津市
981,B7WG0037,北辰小淀大张庄西堤头网格,B7,北辰分公司,0022,天津市
982,B6WG0059,东丽一组网格,B6,东丽分公司,0022,天津市
983,B6WG0059,东丽一组网格,B6,东丽分公司,0022,天津市
984,B6WG0059,东丽一组网格,B6,东丽分公司,0022,天津市
985,B6WG0059,东丽一组网格,B6,东丽分公司,0022,天津市
986,B3WG0044,河北河东6,B3,河北河东分公司,0022,天津市
987,BDWG0011,宝坻城区,BD,宝坻分公司,0022,天津市
988,,,,,,
989,BDWG0011,宝坻城区,BD,宝坻分公司,0022,天津市
990,BDWG0011,宝坻城区,BD,宝坻分公司,0022,天津市
991,BDWG0011,宝坻城区,BD,宝坻分公司,0022,天津市
992,BAWG0073,大港中塘网格,BA,大港分公司,0022,天津市
993,BDWG0011,宝坻城区,BD,宝坻分公司,0022,天津市
994,BDWG0011,宝坻城区,BD,宝坻分公司,0022,天津市
995,BDWG0011,宝坻城区,BD,宝坻分公司,0022,天津市
996,BDWG0011,宝坻城区,BD,宝坻分公司,0022,天津市
997,BDWG0011,宝坻城区,BD,宝坻分公司,0022,天津市
998,BDWG0011,宝坻城区,BD,宝坻分公司,0022,天津市
999,BDWG0011,宝坻城区,BD,宝坻分公司,0022,天津市
1000,BDWG0011,宝坻城区,BD,宝坻分公司,0022,天津市
1001,BDWG0011,宝坻城区,BD,宝坻分公司,0022,天津市
1002,BDWG0011,宝坻城区,BD,宝坻分公司,0022,天津市
1003,BDWG0011,宝坻城区,BD,宝坻分公司,0022,天津市
1004,BDWG0011,宝坻城区,BD,宝坻分公司,0022,天津市
1005,BDWG0011,宝坻城区,BD,宝坻分公司,0022,天津市
1006,BDWG0011,宝坻城区,BD,宝坻分公司,0022,天津市
1007,B9WG0081,津南西区网格,B9,津南分公司,0022,天津市
1008,BDWG0011,宝坻城区,BD,宝坻分公司,0022,天津市
1009,B3WG0044,河北河东6,B3,河北河东分公司,0022,天津市
1010,BDWG0011,宝坻城区,BD,宝坻分公司,0022,天津市
1011,BDWG0011,宝坻城区,BD,宝坻分公司,0022,天津市
1012,B3WG0044,河北河东6,B3,河北河东分公司,0022,天津市
1013,B9WG0081,津南西区网格,B9,津南分公司,0022,天津市
1014,BDWG0011,宝坻城区,BD,宝坻分公司,0022,天津市
1015,BDWG0011,宝坻城区,BD,宝坻分公司,0022,天津市
1016,,,,,,
1017,BDWG0011,宝坻城区,BD,宝坻分公司,0022,天津市
1018,BDWG0011,宝坻城区,BD,宝坻分公司,0022,天津市
1019,BDWG0011,宝坻城区,BD,宝坻分公司,0022,天津市
1020,BDWG0011,宝坻城区,BD,宝坻分公司,0022,天津市
1021,,,,,,
1022,BDWG0011,宝坻城区,BD,宝坻分公司,0022,天津市
1023,BDWG0011,宝坻城区,BD,宝坻分公司,0022,天津市
1024,B9WG0081,津南西区网格,B9,津南分公司,0022,天津市
1025,,,,,,
1026,BDWG0011,宝坻城区,BD,宝坻分公司,0022,天津市
1027,BDWG0011,宝坻城区,BD,宝坻分公司,0022,天津市
1028,BDWG0011,宝坻城区,BD,宝坻分公司,0022,天津市
1029,BDWG0011,宝坻城区,BD,宝坻分公司,0022,天津市
1030,B9WG0081,津南西区网格,B9,津南分公司,0022,天津市
1031,B6WG0059,东丽一组网格,B6,东丽分公司,0022,天津市
1032,B6WG0059,东丽一组网格,B6,东丽分公司,0022,天津市
1033,B9WG0078,津南北区网格,B9,津南分公司,0022,天津市
1034,B6WG0059,东丽一组网格,B6,东丽分公司,0022,天津市
1035,B9WG0078,津南北区网格,B9,津南分公司,0022,天津市
1036,B9WG0078,津南北区网格,B9,津南分公司,0022,天津市
1037,B6WG0059,东丽一组网格,B6,东丽分公司,0022,天津市
1038,BDWG0011,宝坻城区,BD,宝坻分公司,0022,天津市
1039,B9WG0078,津南北区网格,B9,津南分公司,0022,天津市
1040,,,,,,
1041,B9WG0078,津南北区网格,B9,津南分公司,0022,天津市
1042,B9WG0078,津南北区网格,B9,津南分公司,0022,天津市
1043,BDWG0011,宝坻城区,BD,宝坻分公司,0022,天津市
1044,B6WG0059,东丽一组网格,B6,东丽分公司,0022,天津市
1045,B6WG0059,东丽一组网格,B6,东丽分公司,0022,天津市
1046,BDWG0011,宝坻城区,BD,宝坻分公司,0022,天津市
1047,BDWG0011,宝坻城区,BD,宝坻分公司,0022,天津市
1048,B6WG0059,东丽一组网格,B6,东丽分公司,0022,天津市
1049,B6WG0059,东丽一组网格,B6,东丽分公司,0022,天津市
1050,BDWG0014,宝坻西南网格,BD,宝坻分公司,0022,天津市
1051,B7WG0037,北辰小淀大张庄西堤头网格,B7,北辰分公司,0022,天津市
1052,B9WG0078,津南北区网格,B9,津南分公司,0022,天津市
1053,B9WG0078,津南北区网格,B9,津南分公司,0022,天津市
1054,B9WG0078,津南北区网格,B9,津南分公司,0022,天津市
1055,B9WG0078,津南北区网格,B9,津南分公司,0022,天津市
1056,B6WG0059,东丽一组网格,B6,东丽分公司,0022,天津市
1057,B9WG0078,津南北区网格,B9,津南分公司,0022,天津市
1058,B9WG0078,津南北区网格,B9,津南分公司,0022,天津市
1059,B9WG0078,津南北区网格,B9,津南分公司,0022,天津市
1060,B9WG0078,津南北区网格,B9,津南分公司,0022,天津市
1061,BDWG0014,宝坻西南网格,BD,宝坻分公司,0022,天津市
1062,BDWG0011,宝坻城区,BD,宝坻分公司,0022,天津市
1063,B9WG0078,津南北区网格,B9,津南分公司,0022,天津市
1064,B6WG0059,东丽一组网格,B6,东丽分公司,0022,天津市
1065,B9WG0078,津南北区网格,B9,津南分公司,0022,天津市
1066,,,,,,
1067,B6WG0059,东丽一组网格,B6,东丽分公司,0022,天津市
1068,,,,,,
1069,B6WG0059,东丽一组网格,B6,东丽分公司,0022,天津市
1070,BDWG0011,宝坻城区,BD,宝坻分公司,0022,天津市
1071,BDWG0011,宝坻城区,BD,宝坻分公司,0022,天津市
1072,B9WG0078,津南北区网格,B9,津南分公司,0022,天津市
1073,B9WG0078,津南北区网格,B9,津南分公司,0022,天津市
1074,B9WG0078,津南北区网格,B9,津南分公司,0022,天津市
1075,B9WG0081,津南西区网格,B9,津南分公司,0022,天津市
1076,BDWG0012,宝坻西北网格,BD,宝坻分公司,0022,天津市
1077,B9WG0078,津南北区网格,B9,津南分公司,0022,天津市
1078,B9WG0078,津南北区网格,B9,津南分公司,0022,天津市
1079,B9WG0081,津南西区网格,B9,津南分公司,0022,天津市
1080,B9WG0081,津南西区网格,B9,津南分公司,0022,天津市
1081,B9WG0081,津南西区网格,B9,津南分公司,0022,天津市
1082,B9WG0078,津南北区网格,B9,津南分公司,0022,天津市
1083,B9WG0078,津南北区网格,B9,津南分公司,0022,天津市
1084,B9WG0078,津南北区网格,B9,津南分公司,0022,天津市
1085,B9WG0078,津南北区网格,B9,津南分公司,0022,天津市
1086,BDWG0012,宝坻西北网格,BD,宝坻分公司,0022,天津市
1087,B9WG0078,津南北区网格,B9,津南分公司,0022,天津市
1088,BDWG0011,宝坻城区,BD,宝坻分公司,0022,天津市
1089,BDWG0011,宝坻城区,BD,宝坻分公司,0022,天津市
1090,B9WG0078,津南北区网格,B9,津南分公司,0022,天津市
1091,B9WG0078,津南北区网格,B9,津南分公司,0022,天津市
1092,BDWG0012,宝坻西北网格,BD,宝坻分公司,0022,天津市
1093,B6WG0062,东丽四组网格,B6,东丽分公司,0022,天津市
1094,B6WG0062,东丽四组网格,B6,东丽分公司,0022,天津市
1095,B6WG0062,东丽四组网格,B6,东丽分公司,0022,天津市
1096,BCWG0053,蓟州邦均网格,BC,蓟州分公司,0022,天津市
1097,B9WG0081,津南西区网格,B9,津南分公司,0022,天津市
1098,B6WG0062,东丽四组网格,B6,东丽分公司,0022,天津市
1099,B9WG0081,津南西区网格,B9,津南分公司,0022,天津市
1100,B9WG0081,津南西区网格,B9,津南分公司,0022,天津市
1101,B9WG0081,津南西区网格,B9,津南分公司,0022,天津市
1102,B9WG0081,津南西区网格,B9,津南分公司,0022,天津市
1103,B6WG0060,东丽二组网格,B6,东丽分公司,0022,天津市
1104,B9WG0081,津南西区网格,B9,津南分公司,0022,天津市
1105,BAWG0074,大港小王庄太平村网格,BA,大港分公司,0022,天津市
1106,B6WG0060,东丽二组网格,B6,东丽分公司,0022,天津市
1107,BDWG0011,宝坻城区,BD,宝坻分公司,0022,天津市
1108,B9WG0081,津南西区网格,B9,津南分公司,0022,天津市
1109,B6WG0060,东丽二组网格,B6,东丽分公司,0022,天津市
1110,B6WG0060,东丽二组网格,B6,东丽分公司,0022,天津市
1111,B6WG0060,东丽二组网格,B6,东丽分公司,0022,天津市
1112,B6WG0060,东丽二组网格,B6,东丽分公司,0022,天津市
1113,B6WG0060,东丽二组网格,B6,东丽分公司,0022,天津市
1114,B6WG0060,东丽二组网格,B6,东丽分公司,0022,天津市
1115,B6WG0060,东丽二组网格,B6,东丽分公司,0022,天津市
1116,B6WG0060,东丽二组网格,B6,东丽分公司,0022,天津市
1117,B6WG0060,东丽二组网格,B6,东丽分公司,0022,天津市
1118,B6WG0060,东丽二组网格,B6,东丽分公司,0022,天津市
1119,BDWG0014,宝坻西南网格,BD,宝坻分公司,0022,天津市
1120,B6WG0060,东丽二组网格,B6,东丽分公司,0022,天津市
1121,B6WG0060,东丽二组网格,B6,东丽分公司,0022,天津市
1122,B6WG0060,东丽二组网格,B6,东丽分公司,0022,天津市
1123,B6WG0060,东丽二组网格,B6,东丽分公司,0022,天津市
1124,B6WG0060,东丽二组网格,B6,东丽分公司,0022,天津市
1125,B6WG0060,东丽二组网格,B6,东丽分公司,0022,天津市
1126,B6WG0060,东丽二组网格,B6,东丽分公司,0022,天津市
1127,B6WG0060,东丽二组网格,B6,东丽分公司,0022,天津市
1128,B9WG0078,津南北区网格,B9,津南分公司,0022,天津市
1129,B7WG0037,北辰小淀大张庄西堤头网格,B7,北辰分公司,0022,天津市
1130,B7WG0037,北辰小淀大张庄西堤头网格,B7,北辰分公司,0022,天津市
1131,B9WG0078,津南北区网格,B9,津南分公司,0022,天津市
1132,B9WG0078,津南北区网格,B9,津南分公司,0022,天津市
1133,B7WG0037,北辰小淀大张庄西堤头网格,B7,北辰分公司,0022,天津市
1134,B9WG0078,津南北区网格,B9,津南分公司,0022,天津市
1135,B9WG0078,津南北区网格,B9,津南分公司,0022,天津市
1136,B6WG0060,东丽二组网格,B6,东丽分公司,0022,天津市
1137,B9WG0081,津南西区网格,B9,津南分公司,0022,天津市
1138,B9WG0081,津南西区网格,B9,津南分公司,0022,天津市
1139,BCWG0053,蓟州邦均网格,BC,蓟州分公司,0022,天津市
1140,BDWG0012,宝坻西北网格,BD,宝坻分公司,0022,天津市
1141,BDWG0012,宝坻西北网格,BD,宝坻分公司,0022,天津市
1142,B7WG0037,北辰小淀大张庄西堤头网格,B7,北辰分公司,0022,天津市
1143,B9WG0078,津南北区网格,B9,津南分公司,0022,天津市
1144,B9WG0078,津南北区网格,B9,津南分公司,0022,天津市
1145,B7WG0037,北辰小淀大张庄西堤头网格,B7,北辰分公司,0022,天津市
1146,B6WG0060,东丽二组网格,B6,东丽分公司,0022,天津市
1147,B7WG0037,北辰小淀大张庄西堤头网格,B7,北辰分公司,0022,天津市
1148,B7WG0037,北辰小淀大张庄西堤头网格,B7,北辰分公司,0022,天津市
1149,B7WG0037,北辰小淀大张庄西堤头网格,B7,北辰分公司,0022,天津市
1150,B7WG0037,北辰小淀大张庄西堤头网格,B7,北辰分公司,0022,天津市
1151,B7WG0037,北辰小淀大张庄西堤头网格,B7,北辰分公司,0022,天津市
1152,B7WG0037,北辰小淀大张庄西堤头网格,B7,北辰分公司,0022,天津市
1153,B7WG0037,北辰小淀大张庄西堤头网格,B7,北辰分公司,0022,天津市
1154,B9WG0081,津南西区网格,B9,津南分公司,0022,天津市
1155,,,,,,
1156,B7WG0037,北辰小淀大张庄西堤头网格,B7,北辰分公司,0022,天津市
1157,B7WG0037,北辰小淀大张庄西堤头网格,B7,北辰分公司,0022,天津市
1158,B9WG0081,津南西区网格,B9,津南分公司,0022,天津市
1159,B9WG0081,津南西区网格,B9,津南分公司,0022,天津市
1160,B9WG0081,津南西区网格,B9,津南分公司,0022,天津市
1161,B9WG0081,津南西区网格,B9,津南分公司,0022,天津市
1162,B9WG0081,津南西区网格,B9,津南分公司,0022,天津市
1163,B9WG0081,津南西区网格,B9,津南分公司,0022,天津市
1164,B6WG0060,东丽二组网格,B6,东丽分公司,0022,天津市
1165,B9WG0081,津南西区网格,B9,津南分公司,0022,天津市
1166,B9WG0081,津南西区网格,B9,津南分公司,0022,天津市
1167,B9WG0081,津南西区网格,B9,津南分公司,0022,天津市
1168,,,,,,
1169,B6WG0062,东丽四组网格,B6,东丽分公司,0022,天津市
1170,B6WG0062,东丽四组网格,B6,东丽分公司,0022,天津市
1171,B6WG0062,东丽四组网格,B6,东丽分公司,0022,天津市
1172,B9WG0081,津南西区网格,B9,津南分公司,0022,天津市
1173,B6WG0060,东丽二组网格,B6,东丽分公司,0022,天津市
1174,B6WG0062,东丽四组网格,B6,东丽分公司,0022,天津市
1175,B6WG0060,东丽二组网格,B6,东丽分公司,0022,天津市
1176,B6WG0060,东丽二组网格,B6,东丽分公司,0022,天津市
1177,B6WG0060,东丽二组网格,B6,东丽分公司,0022,天津市
1178,B6WG0060,东丽二组网格,B6,东丽分公司,0022,天津市
1179,B6WG0060,东丽二组网格,B6,东丽分公司,0022,天津市
1180,,,,,,
1181,B6WG0060,东丽二组网格,B6,东丽分公司,0022,天津市
1182,B9WG0081,津南西区网格,B9,津南分公司,0022,天津市
1183,B9WG0081,津南西区网格,B9,津南分公司,0022,天津市
1184,B7WG0037,北辰小淀大张庄西堤头网格,B7,北辰分公司,0022,天津市
1185,B9WG0081,津南西区网格,B9,津南分公司,0022,天津市
1186,B9WG0081,津南西区网格,B9,津南分公司,0022,天津市
1187,BDWG0013,宝坻东南网格,BD,宝坻分公司,0022,天津市
1188,,,,,,
1189,B9WG0081,津南西区网格,B9,津南分公司,0022,天津市
1190,B9WG0081,津南西区网格,B9,津南分公司,0022,天津市
1191,B9WG0081,津南西区网格,B9,津南分公司,0022,天津市
1192,B9WG0081,津南西区网格,B9,津南分公司,0022,天津市
1193,B6WG0060,东丽二组网格,B6,东丽分公司,0022,天津市
1194,B9WG0081,津南西区网格,B9,津南分公司,0022,天津市
1195,B9WG0080,津南南区网格,B9,津南分公司,0022,天津市
1196,B7WG0037,北辰小淀大张庄西堤头网格,B7,北辰分公司,0022,天津市
1197,B6WG0062,东丽四组网格,B6,东丽分公司,0022,天津市
1198,B9WG0081,津南西区网格,B9,津南分公司,0022,天津市
1199,BAWG0074,大港小王庄太平村网格,BA,大港分公司,0022,天津市
1200,B7WG0037,北辰小淀大张庄西堤头网格,B7,北辰分公司,0022,天津市
1201,,,,,,
1202,B9WG0081,津南西区网格,B9,津南分公司,0022,天津市
1203,BDWG0014,宝坻西南网格,BD,宝坻分公司,0022,天津市
1204,BDWG0014,宝坻西南网格,BD,宝坻分公司,0022,天津市
1205,B9WG0080,津南南区网格,B9,津南分公司,0022,天津市
1206,,,,,,
1207,B9WG0080,津南南区网格,B9,津南分公司,0022,天津市
1208,BDWG0014,宝坻西南网格,BD,宝坻分公司,0022,天津市
1209,B9WG0081,津南西区网格,B9,津南分公司,0022,天津市
1210,BAWG0073,大港中塘网格,BA,大港分公司,0022,天津市1210,B9WG0081,津南西区网格,B9,津南分公司,0022,天津市
1211,BAWG0073,大港中塘网格,BA,大港分公司,0022,天津市1211,B9WG0081,津南西区网格,B9,津南分公司,0022,天津市
1212,BAWG0073,大港中塘网格,BA,大港分公司,0022,天津市
1213,BAWG0073,大港中塘网格,BA,大港分公司,0022,天津市
1214,BAWG0073,大港中塘网格,BA,大港分公司,0022,天津市1214,B9WG0081,津南西区网格,B9,津南分公司,0022,天津市
1215,,,,,,
1216,BAWG0073,大港中塘网格,BA,大港分公司,0022,天津市
1217,B6WG0062,东丽四组网格,B6,东丽分公司,0022,天津市
1218,B9WG0081,津南西区网格,B9,津南分公司,0022,天津市
1219,B6WG0062,东丽四组网格,B6,东丽分公司,0022,天津市
1220,B9WG0081,津南西区网格,B9,津南分公司,0022,天津市
1221,BDWG0014,宝坻西南网格,BD,宝坻分公司,0022,天津市
1222,B6WG0060,东丽二组网格,B6,东丽分公司,0022,天津市
1223,B9WG0080,津南南区网格,B9,津南分公司,0022,天津市
1224,BAWG0073,大港中塘网格,BA,大港分公司,0022,天津市
1225,B9WG0080,津南南区网格,B9,津南分公司,0022,天津市
1226,B9WG0080,津南南区网格,B9,津南分公司,0022,天津市
1227,BAWG0073,大港中塘网格,BA,大港分公司,0022,天津市
1228,B9WG0080,津南南区网格,B9,津南分公司,0022,天津市
1229,B9WG0080,津南南区网格,B9,津南分公司,0022,天津市
1230,B9WG0080,津南南区网格,B9,津南分公司,0022,天津市
1231,BAWG0073,大港中塘网格,BA,大港分公司,0022,天津市
1232,BAWG0073,大港中塘网格,BA,大港分公司,0022,天津市
1233,B9WG0080,津南南区网格,B9,津南分公司,0022,天津市
1234,B9WG0079,津南东区网格,B9,津南分公司,0022,天津市
1235,B9WG0080,津南南区网格,B9,津南分公司,0022,天津市
1236,BCWG0050,蓟州渔阳网格,BC,蓟州分公司,0022,天津市
1237,B9WG0081,津南西区网格,B9,津南分公司,0022,天津市
1238,B9WG0081,津南西区网格,B9,津南分公司,0022,天津市
1239,B9WG0079,津南东区网格,B9,津南分公司,0022,天津市
1240,BEWG0077,宁河西区网格,BE,宁河分公司,0022,天津市
1241,B9WG0080,津南南区网格,B9,津南分公司,0022,天津市
1242,B9WG0080,津南南区网格,B9,津南分公司,0022,天津市
1243,BDWG0014,宝坻西南网格,BD,宝坻分公司,0022,天津市
1244,BDWG0014,宝坻西南网格,BD,宝坻分公司,0022,天津市
1245,B9WG0080,津南南区网格,B9,津南分公司,0022,天津市
1246,B9WG0079,津南东区网格,B9,津南分公司,0022,天津市
1247,BAWG0074,大港小王庄太平村网格,BA,大港分公司,0022,天津市
1248,BAWG0074,大港小王庄太平村网格,BA,大港分公司,0022,天津市
1249,BAWG0074,大港小王庄太平村网格,BA,大港分公司,0022,天津市
1250,B9WG0080,津南南区网格,B9,津南分公司,0022,天津市
1251,B9WG0080,津南南区网格,B9,津南分公司,0022,天津市
1252,BCWG0050,蓟州渔阳网格,BC,蓟州分公司,0022,天津市
1253,BAWG0073,大港中塘网格,BA,大港分公司,0022,天津市
1254,B9WG0081,津南西区网格,B9,津南分公司,0022,天津市
1255,B9WG0081,津南西区网格,B9,津南分公司,0022,天津市
1256,B9WG0080,津南南区网格,B9,津南分公司,0022,天津市
1257,B9WG0080,津南南区网格,B9,津南分公司,0022,天津市
1258,B9WG0080,津南南区网格,B9,津南分公司,0022,天津市
1259,,,,,,
1260,B6WG0060,东丽二组网格,B6,东丽分公司,0022,天津市
1261,B9WG0080,津南南区网格,B9,津南分公司,0022,天津市
1262,B6WG0060,东丽二组网格,B6,东丽分公司,0022,天津市
1263,BDWG0014,宝坻西南网格,BD,宝坻分公司,0022,天津市
1264,,,,,,
1265,B9WG0080,津南南区网格,B9,津南分公司,0022,天津市
1266,B9WG0079,津南东区网格,B9,津南分公司,0022,天津市
1267,B9WG0079,津南东区网格,B9,津南分公司,0022,天津市
1268,B9WG0080,津南南区网格,B9,津南分公司,0022,天津市
1269,BDWG0014,宝坻西南网格,BD,宝坻分公司,0022,天津市
1270,BDWG0014,宝坻西南网格,BD,宝坻分公司,0022,天津市
1271,BDWG0014,宝坻西南网格,BD,宝坻分公司,0022,天津市
1272,B9WG0080,津南南区网格,B9,津南分公司,0022,天津市
1273,BAWG0072,大港油田网格,BA,大港分公司,0022,天津市
1274,BAWG0072,大港油田网格,BA,大港分公司,0022,天津市
1275,B9WG0081,津南西区网格,B9,津南分公司,0022,天津市
1276,BCWG0050,蓟州渔阳网格,BC,蓟州分公司,0022,天津市
1277,B9WG0080,津南南区网格,B9,津南分公司,0022,天津市
1278,B9WG0080,津南南区网格,B9,津南分公司,0022,天津市
1279,B9WG0080,津南南区网格,B9,津南分公司,0022,天津市
1280,B9WG0080,津南南区网格,B9,津南分公司,0022,天津市
1281,BAWG0072,大港油田网格,BA,大港分公司,0022,天津市
1282,BCWG0050,蓟州渔阳网格,BC,蓟州分公司,0022,天津市
1283,BCWG0050,蓟州渔阳网格,BC,蓟州分公司,0022,天津市
1284,BCWG0050,蓟州渔阳网格,BC,蓟州分公司,0022,天津市
1285,B9WG0080,津南南区网格,B9,津南分公司,0022,天津市
1286,BCWG0050,蓟州渔阳网格,BC,蓟州分公司,0022,天津市
1287,BCWG0050,蓟州渔阳网格,BC,蓟州分公司,0022,天津市
1288,BAWG0073,大港中塘网格,BA,大港分公司,0022,天津市
1289,BAWG0073,大港中塘网格,BA,大港分公司,0022,天津市
1290,BAWG0073,大港中塘网格,BA,大港分公司,0022,天津市
1291,BCWG0055,蓟州上仓网格,BC,蓟州分公司,0022,天津市
1292,BEWG0077,宁河西区网格,BE,宁河分公司,0022,天津市
1293,B6WG0060,东丽二组网格,B6,东丽分公司,0022,天津市
1294,BCWG0055,蓟州上仓网格,BC,蓟州分公司,0022,天津市
1295,B9WG0080,津南南区网格,B9,津南分公司,0022,天津市
1296,B9WG0080,津南南区网格,B9,津南分公司,0022,天津市
1297,B6WG0060,东丽二组网格,B6,东丽分公司,0022,天津市
1298,B6WG0060,东丽二组网格,B6,东丽分公司,0022,天津市
1299,B9WG0080,津南南区网格,B9,津南分公司,0022,天津市
1300,B9WG0080,津南南区网格,B9,津南分公司,0022,天津市
1301,B9WG0080,津南南区网格,B9,津南分公司,0022,天津市
1302,B6WG0060,东丽二组网格,B6,东丽分公司,0022,天津市
1303,B9WG0079,津南东区网格,B9,津南分公司,0022,天津市
1304,B9WG0079,津南东区网格,B9,津南分公司,0022,天津市
1305,B6WG0060,东丽二组网格,B6,东丽分公司,0022,天津市
1306,B9WG0080,津南南区网格,B9,津南分公司,0022,天津市
1307,B9WG0080,津南南区网格,B9,津南分公司,0022,天津市
1308,B9WG0080,津南南区网格,B9,津南分公司,0022,天津市
1309,B9WG0080,津南南区网格,B9,津南分公司,0022,天津市
1310,B9WG0080,津南南区网格,B9,津南分公司,0022,天津市
1311,B9WG0080,津南南区网格,B9,津南分公司,0022,天津市
1312,B9WG0080,津南南区网格,B9,津南分公司,0022,天津市
1313,BCWG0050,蓟州渔阳网格,BC,蓟州分公司,0022,天津市
1314,B9WG0080,津南南区网格,B9,津南分公司,0022,天津市
1315,BCWG0050,蓟州渔阳网格,BC,蓟州分公司,0022,天津市
1316,B6WG0062,东丽四组网格,B6,东丽分公司,0022,天津市
1317,BDWG0013,宝坻东南网格,BD,宝坻分公司,0022,天津市
1318,BCWG0050,蓟州渔阳网格,BC,蓟州分公司,0022,天津市
1319,BDWG0013,宝坻东南网格,BD,宝坻分公司,0022,天津市
1320,B6WG0060,东丽二组网格,B6,东丽分公司,0022,天津市
1321,BDWG0013,宝坻东南网格,BD,宝坻分公司,0022,天津市
1322,BDWG0013,宝坻东南网格,BD,宝坻分公司,0022,天津市
1323,B6WG0060,东丽二组网格,B6,东丽分公司,0022,天津市
1324,BDWG0014,宝坻西南网格,BD,宝坻分公司,0022,天津市
1325,B9WG0080,津南南区网格,B9,津南分公司,0022,天津市
1326,B6WG0061,东丽三组网格,B6,东丽分公司,0022,天津市
1327,B6WG0061,东丽三组网格,B6,东丽分公司,0022,天津市
1328,,,,,,
1329,,,,,,
1330,,,,,,
1331,B6WG0061,东丽三组网格,B6,东丽分公司,0022,天津市
1332,BCWG0050,蓟州渔阳网格,BC,蓟州分公司,0022,天津市
1333,BCWG0050,蓟州渔阳网格,BC,蓟州分公司,0022,天津市
1334,B9WG0079,津南东区网格,B9,津南分公司,0022,天津市
1335,BCWG0050,蓟州渔阳网格,BC,蓟州分公司,0022,天津市
1336,BDWG0014,宝坻西南网格,BD,宝坻分公司,0022,天津市
1337,BCWG0050,蓟州渔阳网格,BC,蓟州分公司,0022,天津市
1338,BCWG0050,蓟州渔阳网格,BC,蓟州分公司,0022,天津市
1339,BCWG0050,蓟州渔阳网格,BC,蓟州分公司,0022,天津市
1340,B6WG0060,东丽二组网格,B6,东丽分公司,0022,天津市
1341,B6WG0060,东丽二组网格,B6,东丽分公司,0022,天津市
1342,,,,,,
1343,BAWG0073,大港中塘网格,BA,大港分公司,0022,天津市
1344,BAWG0073,大港中塘网格,BA,大港分公司,0022,天津市
1345,B9WG0080,津南南区网格,B9,津南分公司,0022,天津市
1346,B9WG0080,津南南区网格,B9,津南分公司,0022,天津市
1347,B9WG0080,津南南区网格,B9,津南分公司,0022,天津市
1348,B9WG0080,津南南区网格,B9,津南分公司,0022,天津市
1349,B9WG0080,津南南区网格,B9,津南分公司,0022,天津市
1350,B6WG0060,东丽二组网格,B6,东丽分公司,0022,天津市
1351,B9WG0080,津南南区网格,B9,津南分公司,0022,天津市
1352,B9WG0080,津南南区网格,B9,津南分公司,0022,天津市
1353,B9WG0080,津南南区网格,B9,津南分公司,0022,天津市
1354,BCWG0055,蓟州上仓网格,BC,蓟州分公司,0022,天津市
1355,BAWG0073,大港中塘网格,BA,大港分公司,0022,天津市
1356,BAWG0073,大港中塘网格,BA,大港分公司,0022,天津市
1357,BAWG0073,大港中塘网格,BA,大港分公司,0022,天津市
1358,BCWG0055,蓟州上仓网格,BC,蓟州分公司,0022,天津市
1359,BDWG0013,宝坻东南网格,BD,宝坻分公司,0022,天津市
1360,BDWG0013,宝坻东南网格,BD,宝坻分公司,0022,天津市
1361,BAWG0073,大港中塘网格,BA,大港分公司,0022,天津市
1362,BAWG0073,大港中塘网格,BA,大港分公司,0022,天津市
1363,BDWG0013,宝坻东南网格,BD,宝坻分公司,0022,天津市
1364,BAWG0073,大港中塘网格,BA,大港分公司,0022,天津市
1365,B9WG0080,津南南区网格,B9,津南分公司,0022,天津市
1366,B9WG0080,津南南区网格,B9,津南分公司,0022,天津市
1367,B9WG0080,津南南区网格,B9,津南分公司,0022,天津市
1368,B9WG0080,津南南区网格,B9,津南分公司,0022,天津市
1369,BDWG0013,宝坻东南网格,BD,宝坻分公司,0022,天津市
1370,BDWG0013,宝坻东南网格,BD,宝坻分公司,0022,天津市
1371,BCWG0055,蓟州上仓网格,BC,蓟州分公司,0022,天津市
1372,B9WG0080,津南南区网格,B9,津南分公司,0022,天津市
1373,B9WG0080,津南南区网格,B9,津南分公司,0022,天津市
1374,B9WG0079,津南东区网格,B9,津南分公司,0022,天津市
1375,B9WG0080,津南南区网格,B9,津南分公司,0022,天津市
1376,BCWG0050,蓟州渔阳网格,BC,蓟州分公司,0022,天津市
1377,B9WG0080,津南南区网格,B9,津南分公司,0022,天津市
1378,B9WG0080,津南南区网格,B9,津南分公司,0022,天津市
1379,B9WG0079,津南东区网格,B9,津南分公司,0022,天津市
1380,B9WG0080,津南南区网格,B9,津南分公司,0022,天津市
1381,B9WG0080,津南南区网格,B9,津南分公司,0022,天津市
1382,B9WG0080,津南南区网格,B9,津南分公司,0022,天津市
1383,B9WG0080,津南南区网格,B9,津南分公司,0022,天津市
1384,B9WG0080,津南南区网格,B9,津南分公司,0022,天津市
1385,,,,,,
1386,B9WG0080,津南南区网格,B9,津南分公司,0022,天津市
1387,B9WG0080,津南南区网格,B9,津南分公司,0022,天津市
1388,B9WG0080,津南南区网格,B9,津南分公司,0022,天津市
1389,,,,,,
1390,B9WG0080,津南南区网格,B9,津南分公司,0022,天津市
1391,B9WG0080,津南南区网格,B9,津南分公司,0022,天津市
1392,B9WG0080,津南南区网格,B9,津南分公司,0022,天津市
1393,B9WG0080,津南南区网格,B9,津南分公司,0022,天津市
1394,B9WG0080,津南南区网格,B9,津南分公司,0022,天津市
1395,B6WG0061,东丽三组网格,B6,东丽分公司,0022,天津市
1396,B9WG0080,津南南区网格,B9,津南分公司,0022,天津市
1397,B9WG0080,津南南区网格,B9,津南分公司,0022,天津市
1398,B9WG0080,津南南区网格,B9,津南分公司,0022,天津市
1399,B9WG0079,津南东区网格,B9,津南分公司,0022,天津市
1400,B9WG0080,津南南区网格,B9,津南分公司,0022,天津市
1401,B9WG0080,津南南区网格,B9,津南分公司,0022,天津市
1402,B9WG0080,津南南区网格,B9,津南分公司,0022,天津市
1403,B9WG0080,津南南区网格,B9,津南分公司,0022,天津市
1404,B9WG0080,津南南区网格,B9,津南分公司,0022,天津市
1405,B9WG0080,津南南区网格,B9,津南分公司,0022,天津市
1406,B9WG0080,津南南区网格,B9,津南分公司,0022,天津市
1407,B9WG0080,津南南区网格,B9,津南分公司,0022,天津市
1408,,,,,,
1409,B9WG0080,津南南区网格,B9,津南分公司,0022,天津市
1410,B9WG0080,津南南区网格,B9,津南分公司,0022,天津市
1411,B9WG0080,津南南区网格,B9,津南分公司,0022,天津市
1412,B9WG0080,津南南区网格,B9,津南分公司,0022,天津市
1413,B9WG0079,津南东区网格,B9,津南分公司,0022,天津市
1414,B9WG0080,津南南区网格,B9,津南分公司,0022,天津市
1415,B9WG0080,津南南区网格,B9,津南分公司,0022,天津市
1416,B9WG0080,津南南区网格,B9,津南分公司,0022,天津市
1417,B9WG0080,津南南区网格,B9,津南分公司,0022,天津市
1418,B9WG0080,津南南区网格,B9,津南分公司,0022,天津市
1419,B9WG0080,津南南区网格,B9,津南分公司,0022,天津市
1420,B9WG0080,津南南区网格,B9,津南分公司,0022,天津市
1421,B6WG0060,东丽二组网格,B6,东丽分公司,0022,天津市
1422,B9WG0079,津南东区网格,B9,津南分公司,0022,天津市
1423,BAWG0072,大港油田网格,BA,大港分公司,0022,天津市
1424,B9WG0080,津南南区网格,B9,津南分公司,0022,天津市
1425,BEWG0077,宁河西区网格,BE,宁河分公司,0022,天津市
1426,BEWG0077,宁河西区网格,BE,宁河分公司,0022,天津市
1427,BEWG0077,宁河西区网格,BE,宁河分公司,0022,天津市
1428,B9WG0080,津南南区网格,B9,津南分公司,0022,天津市
1429,B9WG0080,津南南区网格,B9,津南分公司,0022,天津市
1430,,,,,,
1431,B9WG0079,津南东区网格,B9,津南分公司,0022,天津市
1432,B9WG0079,津南东区网格,B9,津南分公司,0022,天津市
1433,B9WG0080,津南南区网格,B9,津南分公司,0022,天津市
1434,B9WG0080,津南南区网格,B9,津南分公司,0022,天津市
1435,BDWG0013,宝坻东南网格,BD,宝坻分公司,0022,天津市
1436,BDWG0013,宝坻东南网格,BD,宝坻分公司,0022,天津市
1437,B9WG0080,津南南区网格,B9,津南分公司,0022,天津市
1438,B9WG0080,津南南区网格,B9,津南分公司,0022,天津市
1439,B9WG0080,津南南区网格,B9,津南分公司,0022,天津市
1440,B9WG0079,津南东区网格,B9,津南分公司,0022,天津市
1441,B6WG0061,东丽三组网格,B6,东丽分公司,0022,天津市
1442,B6WG0061,东丽三组网格,B6,东丽分公司,0022,天津市
1443,B6WG0061,东丽三组网格,B6,东丽分公司,0022,天津市
1444,B6WG0061,东丽三组网格,B6,东丽分公司,0022,天津市
1445,B9WG0080,津南南区网格,B9,津南分公司,0022,天津市
1446,BAWG0070,大港城区网格,BA,大港分公司,0022,天津市
1447,BDWG0013,宝坻东南网格,BD,宝坻分公司,0022,天津市
1448,BAWG0070,大港城区网格,BA,大港分公司,0022,天津市
1449,BAWG0070,大港城区网格,BA,大港分公司,0022,天津市
1450,BAWG0070,大港城区网格,BA,大港分公司,0022,天津市
1451,BAWG0070,大港城区网格,BA,大港分公司,0022,天津市
1452,BAWG0070,大港城区网格,BA,大港分公司,0022,天津市
1453,B6WG0061,东丽三组网格,B6,东丽分公司,0022,天津市
1454,BAWG0070,大港城区网格,BA,大港分公司,0022,天津市
1455,BAWG0070,大港城区网格,BA,大港分公司,0022,天津市
1456,BAWG0070,大港城区网格,BA,大港分公司,0022,天津市
1457,BAWG0070,大港城区网格,BA,大港分公司,0022,天津市
1458,BAWG0070,大港城区网格,BA,大港分公司,0022,天津市
1459,BAWG0070,大港城区网格,BA,大港分公司,0022,天津市
1460,BAWG0070,大港城区网格,BA,大港分公司,0022,天津市
1461,BAWG0070,大港城区网格,BA,大港分公司,0022,天津市
1462,BAWG0070,大港城区网格,BA,大港分公司,0022,天津市
1463,BAWG0070,大港城区网格,BA,大港分公司,0022,天津市
1464,BAWG0070,大港城区网格,BA,大港分公司,0022,天津市
1465,BAWG0070,大港城区网格,BA,大港分公司,0022,天津市
1466,BAWG0070,大港城区网格,BA,大港分公司,0022,天津市
1467,BAWG0070,大港城区网格,BA,大港分公司,0022,天津市
1468,BAWG0070,大港城区网格,BA,大港分公司,0022,天津市
1469,BAWG0070,大港城区网格,BA,大港分公司,0022,天津市
1470,BAWG0070,大港城区网格,BA,大港分公司,0022,天津市
1471,,,,,,
1472,BAWG0070,大港城区网格,BA,大港分公司,0022,天津市
1473,BAWG0070,大港城区网格,BA,大港分公司,0022,天津市
1474,BAWG0070,大港城区网格,BA,大港分公司,0022,天津市
1475,BAWG0070,大港城区网格,BA,大港分公司,0022,天津市
1476,B6WG0061,东丽三组网格,B6,东丽分公司,0022,天津市
1477,B6WG0061,东丽三组网格,B6,东丽分公司,0022,天津市
1478,B6WG0061,东丽三组网格,B6,东丽分公司,0022,天津市
1479,BAWG0070,大港城区网格,BA,大港分公司,0022,天津市
1480,BAWG0070,大港城区网格,BA,大港分公司,0022,天津市
1481,BAWG0070,大港城区网格,BA,大港分公司,0022,天津市
1482,BAWG0070,大港城区网格,BA,大港分公司,0022,天津市
1483,B6WG0061,东丽三组网格,B6,东丽分公司,0022,天津市
1484,B6WG0061,东丽三组网格,B6,东丽分公司,0022,天津市
1485,B6WG0061,东丽三组网格,B6,东丽分公司,0022,天津市
1486,B6WG0061,东丽三组网格,B6,东丽分公司,0022,天津市
1487,BAWG0070,大港城区网格,BA,大港分公司,0022,天津市
1488,BAWG0070,大港城区网格,BA,大港分公司,0022,天津市
1489,B6WG0061,东丽三组网格,B6,东丽分公司,0022,天津市
1490,B6WG0061,东丽三组网格,B6,东丽分公司,0022,天津市
1491,B6WG0061,东丽三组网格,B6,东丽分公司,0022,天津市
1492,B6WG0061,东丽三组网格,B6,东丽分公司,0022,天津市
1493,B6WG0061,东丽三组网格,B6,东丽分公司,0022,天津市
1494,,,,,,
1495,B6WG0061,东丽三组网格,B6,东丽分公司,0022,天津市
1496,BAWG0070,大港城区网格,BA,大港分公司,0022,天津市
1497,B6WG0061,东丽三组网格,B6,东丽分公司,0022,天津市
1498,B6WG0061,东丽三组网格,B6,东丽分公司,0022,天津市
1499,B6WG0061,东丽三组网格,B6,东丽分公司,0022,天津市
1500,B6WG0061,东丽三组网格,B6,东丽分公司,0022,天津市
1501,B6WG0061,东丽三组网格,B6,东丽分公司,0022,天津市
1502,BAWG0070,大港城区网格,BA,大港分公司,0022,天津市
1503,B6WG0062,东丽四组网格,B6,东丽分公司,0022,天津市
1504,BAWG0070,大港城区网格,BA,大港分公司,0022,天津市
1505,B9WG0079,津南东区网格,B9,津南分公司,0022,天津市
1506,B9WG0079,津南东区网格,B9,津南分公司,0022,天津市
1507,BAWG0070,大港城区网格,BA,大港分公司,0022,天津市
1508,,,,,,
1509,BAWG0070,大港城区网格,BA,大港分公司,0022,天津市
1510,B6WG0062,东丽四组网格,B6,东丽分公司,0022,天津市
1511,B6WG0062,东丽四组网格,B6,东丽分公司,0022,天津市
1512,,,,,,
1513,B6WG0062,东丽四组网格,B6,东丽分公司,0022,天津市
1514,B6WG0061,东丽三组网格,B6,东丽分公司,0022,天津市
1515,B6WG0062,东丽四组网格,B6,东丽分公司,0022,天津市
1516,BAWG0072,大港油田网格,BA,大港分公司,0022,天津市
1517,BDWG0013,宝坻东南网格,BD,宝坻分公司,0022,天津市
1518,BAWG0070,大港城区网格,BA,大港分公司,0022,天津市
1519,BCWG0052,蓟州马伸桥网格,BC,蓟州分公司,0022,天津市
1520,BAWG0070,大港城区网格,BA,大港分公司,0022,天津市
1521,BAWG0070,大港城区网格,BA,大港分公司,0022,天津市
1522,B6WG0062,东丽四组网格,B6,东丽分公司,0022,天津市
1523,BDWG0013,宝坻东南网格,BD,宝坻分公司,0022,天津市
1524,BAWG0072,大港油田网格,BA,大港分公司,0022,天津市
1525,BEWG0077,宁河西区网格,BE,宁河分公司,0022,天津市
1526,BEWG0077,宁河西区网格,BE,宁河分公司,0022,天津市
1527,BAWG0070,大港城区网格,BA,大港分公司,0022,天津市
1528,BAWG0072,大港油田网格,BA,大港分公司,0022,天津市
1529,BAWG0072,大港油田网格,BA,大港分公司,0022,天津市
1530,B9WG0080,津南南区网格,B9,津南分公司,0022,天津市
1531,B9WG0080,津南南区网格,B9,津南分公司,0022,天津市
1532,B9WG0080,津南南区网格,B9,津南分公司,0022,天津市
1533,B9WG0080,津南南区网格,B9,津南分公司,0022,天津市
1534,B9WG0080,津南南区网格,B9,津南分公司,0022,天津市
1535,B9WG0080,津南南区网格,B9,津南分公司,0022,天津市
1536,,,,,,
1537,,,,,,
1538,B9WG0080,津南南区网格,B9,津南分公司,0022,天津市
1539,B6WG0061,东丽三组网格,B6,东丽分公司,0022,天津市
1540,B9WG0080,津南南区网格,B9,津南分公司,0022,天津市
1541,B6WG0061,东丽三组网格,B6,东丽分公司,0022,天津市
1542,B6WG0061,东丽三组网格,B6,东丽分公司,0022,天津市
1543,B9WG0080,津南南区网格,B9,津南分公司,0022,天津市
1544,BAWG0072,大港油田网格,BA,大港分公司,0022,天津市
1545,B9WG0080,津南南区网格,B9,津南分公司,0022,天津市
1546,B9WG0080,津南南区网格,B9,津南分公司,0022,天津市
1547,,,,,,
1548,,,,,,
1549,B9WG0080,津南南区网格,B9,津南分公司,0022,天津市
1550,B9WG0080,津南南区网格,B9,津南分公司,0022,天津市
1551,BAWG0070,大港城区网格,BA,大港分公司,0022,天津市
1552,BAWG0070,大港城区网格,BA,大港分公司,0022,天津市
1553,BAWG0070,大港城区网格,BA,大港分公司,0022,天津市
1554,B9WG0080,津南南区网格,B9,津南分公司,0022,天津市
1555,BAWG0070,大港城区网格,BA,大港分公司,0022,天津市
1556,BAWG0070,大港城区网格,BA,大港分公司,0022,天津市
1557,,,,,,
1558,BAWG0070,大港城区网格,BA,大港分公司,0022,天津市
1559,BAWG0070,大港城区网格,BA,大港分公司,0022,天津市
1560,BAWG0070,大港城区网格,BA,大港分公司,0022,天津市
1561,,,,,,
1562,BAWG0072,大港油田网格,BA,大港分公司,0022,天津市
1563,B9WG0080,津南南区网格,B9,津南分公司,0022,天津市
1564,BAWG0070,大港城区网格,BA,大港分公司,0022,天津市
1565,B6WG0061,东丽三组网格,B6,东丽分公司,0022,天津市
1566,,,,,,
1567,B6WG0061,东丽三组网格,B6,东丽分公司,0022,天津市
1568,BEWG0077,宁河西区网格,BE,宁河分公司,0022,天津市
1569,BDWG0013,宝坻东南网格,BD,宝坻分公司,0022,天津市
1570,BDWG0013,宝坻东南网格,BD,宝坻分公司,0022,天津市
1571,BEWG0077,宁河西区网格,BE,宁河分公司,0022,天津市
1572,B6WG0061,东丽三组网格,B6,东丽分公司,0022,天津市
1573,B6WG0061,东丽三组网格,B6,东丽分公司,0022,天津市
1574,BAWG0070,大港城区网格,BA,大港分公司,0022,天津市
1575,BAWG0070,大港城区网格,BA,大港分公司,0022,天津市
1576,BAWG0070,大港城区网格,BA,大港分公司,0022,天津市
1577,BAWG0072,大港油田网格,BA,大港分公司,0022,天津市
1578,B9WG0079,津南东区网格,B9,津南分公司,0022,天津市
1579,BAWG0070,大港城区网格,BA,大港分公司,0022,天津市
1580,B9WG0079,津南东区网格,B9,津南分公司,0022,天津市
1581,B9WG0079,津南东区网格,B9,津南分公司,0022,天津市
1582,B9WG0079,津南东区网格,B9,津南分公司,0022,天津市
1583,,,,,,
1584,B9WG0079,津南东区网格,B9,津南分公司,0022,天津市
1585,B9WG0079,津南东区网格,B9,津南分公司,0022,天津市
1586,B9WG0079,津南东区网格,B9,津南分公司,0022,天津市
1587,BAWG0070,大港城区网格,BA,大港分公司,0022,天津市
1588,BAWG0070,大港城区网格,BA,大港分公司,0022,天津市
1589,,,,,,
1590,BAWG0070,大港城区网格,BA,大港分公司,0022,天津市
1591,BAWG0070,大港城区网格,BA,大港分公司,0022,天津市
1592,BAWG0072,大港油田网格,BA,大港分公司,0022,天津市
1593,B6WG0061,东丽三组网格,B6,东丽分公司,0022,天津市
1594,B6WG0061,东丽三组网格,B6,东丽分公司,0022,天津市
1595,B6WG0061,东丽三组网格,B6,东丽分公司,0022,天津市
1596,B6WG0061,东丽三组网格,B6,东丽分公司,0022,天津市
1597,B6WG0061,东丽三组网格,B6,东丽分公司,0022,天津市
1598,B6WG0061,东丽三组网格,B6,东丽分公司,0022,天津市
1599,BAWG0070,大港城区网格,BA,大港分公司,0022,天津市
1600,BAWG0072,大港油田网格,BA,大港分公司,0022,天津市
1601,BAWG0072,大港油田网格,BA,大港分公司,0022,天津市
1602,BAWG0072,大港油田网格,BA,大港分公司,0022,天津市
1603,B6WG0061,东丽三组网格,B6,东丽分公司,0022,天津市
1604,BCWG0055,蓟州上仓网格,BC,蓟州分公司,0022,天津市
1605,BAWG0072,大港油田网格,BA,大港分公司,0022,天津市
1606,BAWG0072,大港油田网格,BA,大港分公司,0022,天津市
1607,BAWG0072,大港油田网格,BA,大港分公司,0022,天津市
1608,BAWG0072,大港油田网格,BA,大港分公司,0022,天津市
1609,BAWG0072,大港油田网格,BA,大港分公司,0022,天津市
1610,,,,,,
1611,BAWG0072,大港油田网格,BA,大港分公司,0022,天津市
1612,BDWG0013,宝坻东南网格,BD,宝坻分公司,0022,天津市
1613,BAWG0072,大港油田网格,BA,大港分公司,0022,天津市
1614,BAWG0072,大港油田网格,BA,大港分公司,0022,天津市
1615,BAWG0072,大港油田网格,BA,大港分公司,0022,天津市
1616,B6WG0061,东丽三组网格,B6,东丽分公司,0022,天津市
1617,BAWG0072,大港油田网格,BA,大港分公司,0022,天津市
1618,BAWG0072,大港油田网格,BA,大港分公司,0022,天津市
1619,BAWG0072,大港油田网格,BA,大港分公司,0022,天津市
1620,BAWG0072,大港油田网格,BA,大港分公司,0022,天津市
1621,BAWG0072,大港油田网格,BA,大港分公司,0022,天津市
1622,BAWG0072,大港油田网格,BA,大港分公司,0022,天津市
1623,BAWG0072,大港油田网格,BA,大港分公司,0022,天津市
1624,BAWG0072,大港油田网格,BA,大港分公司,0022,天津市
1625,BAWG0072,大港油田网格,BA,大港分公司,0022,天津市
1626,BAWG0072,大港油田网格,BA,大港分公司,0022,天津市
1627,BDWG0013,宝坻东南网格,BD,宝坻分公司,0022,天津市
1628,BAWG0072,大港油田网格,BA,大港分公司,0022,天津市
1629,BAWG0070,大港城区网格,BA,大港分公司,0022,天津市
1630,B6WG0062,东丽四组网格,B6,东丽分公司,0022,天津市
1631,B6WG0061,东丽三组网格,B6,东丽分公司,0022,天津市
1632,B9WG0079,津南东区网格,B9,津南分公司,0022,天津市
1633,B9WG0079,津南东区网格,B9,津南分公司,0022,天津市
1634,,,,,,
1635,B9WG0079,津南东区网格,B9,津南分公司,0022,天津市
1636,BDWG0013,宝坻东南网格,BD,宝坻分公司,0022,天津市
1637,BDWG0014,宝坻西南网格,BD,宝坻分公司,0022,天津市
1638,B6WG0061,东丽三组网格,B6,东丽分公司,0022,天津市
1639,B6WG0061,东丽三组网格,B6,东丽分公司,0022,天津市
1640,BCWG0055,蓟州上仓网格,BC,蓟州分公司,0022,天津市
1641,B4WG0065,开保北网格,B4,滨海分公司,0022,天津市
1642,B4WG0065,开保北网格,B4,滨海分公司,0022,天津市
1643,BDWG0013,宝坻东南网格,BD,宝坻分公司,0022,天津市
1644,BDWG0013,宝坻东南网格,BD,宝坻分公司,0022,天津市
1645,B9WG0079,津南东区网格,B9,津南分公司,0022,天津市
1646,BDWG0013,宝坻东南网格,BD,宝坻分公司,0022,天津市
1647,BDWG0013,宝坻东南网格,BD,宝坻分公司,0022,天津市
1648,BCWG0052,蓟州马伸桥网格,BC,蓟州分公司,0022,天津市
1649,B6WG0061,东丽三组网格,B6,东丽分公司,0022,天津市
1650,,,,,,
1651,,,,,,
1652,BEWG0076,宁河北区网格,BE,宁河分公司,0022,天津市
1653,BEWG0076,宁河北区网格,BE,宁河分公司,0022,天津市
1654,B4WG0082,塘沽中网格,B4,滨海分公司,0022,天津市
1655,B4WG0082,塘沽中网格,B4,滨海分公司,0022,天津市
1656,B4WG0082,塘沽中网格,B4,滨海分公司,0022,天津市
1657,B4WG0082,塘沽中网格,B4,滨海分公司,0022,天津市
1658,B4WG0082,塘沽中网格,B4,滨海分公司,0022,天津市
1659,B4WG0082,塘沽中网格,B4,滨海分公司,0022,天津市
1660,B4WG0082,塘沽中网格,B4,滨海分公司,0022,天津市
1661,B4WG0082,塘沽中网格,B4,滨海分公司,0022,天津市
1662,B4WG0082,塘沽中网格,B4,滨海分公司,0022,天津市
1663,B4WG0082,塘沽中网格,B4,滨海分公司,0022,天津市
1664,,,,,,
1665,B4WG0082,塘沽中网格,B4,滨海分公司,0022,天津市
1666,B4WG0082,塘沽中网格,B4,滨海分公司,0022,天津市
1667,,,,,,
1668,B4WG0068,塘沽南网格,B4,滨海分公司,0022,天津市
1669,B4WG0068,塘沽南网格,B4,滨海分公司,0022,天津市
1670,B4WG0068,塘沽南网格,B4,滨海分公司,0022,天津市
1671,B4WG0068,塘沽南网格,B4,滨海分公司,0022,天津市
1672,B4WG0068,塘沽南网格,B4,滨海分公司,0022,天津市
1673,BDWG0013,宝坻东南网格,BD,宝坻分公司,0022,天津市
1674,BDWG0013,宝坻东南网格,BD,宝坻分公司,0022,天津市
1675,BDWG0013,宝坻东南网格,BD,宝坻分公司,0022,天津市
1676,B4WG0068,塘沽南网格,B4,滨海分公司,0022,天津市
1677,BEWG0077,宁河西区网格,BE,宁河分公司,0022,天津市
1678,BEWG0077,宁河西区网格,BE,宁河分公司,0022,天津市
1679,BEWG0077,宁河西区网格,BE,宁河分公司,0022,天津市
1680,BDWG0013,宝坻东南网格,BD,宝坻分公司,0022,天津市
1681,B4WG0082,塘沽中网格,B4,滨海分公司,0022,天津市
1682,B4WG0082,塘沽中网格,B4,滨海分公司,0022,天津市
1683,B4WG0068,塘沽南网格,B4,滨海分公司,0022,天津市
1684,B4WG0082,塘沽中网格,B4,滨海分公司,0022,天津市
1685,B4WG0082,塘沽中网格,B4,滨海分公司,0022,天津市
1686,B4WG0082,塘沽中网格,B4,滨海分公司,0022,天津市
1687,B4WG0082,塘沽中网格,B4,滨海分公司,0022,天津市
1688,B4WG0082,塘沽中网格,B4,滨海分公司,0022,天津市
1689,B4WG0082,塘沽中网格,B4,滨海分公司,0022,天津市
1690,B4WG0068,塘沽南网格,B4,滨海分公司,0022,天津市
1691,BCWG0052,蓟州马伸桥网格,BC,蓟州分公司,0022,天津市
1692,BCWG0052,蓟州马伸桥网格,BC,蓟州分公司,0022,天津市
1693,BCWG0052,蓟州马伸桥网格,BC,蓟州分公司,0022,天津市
1694,BEWG0071,宁河城区网格,BE,宁河分公司,0022,天津市
1695,BCWG0052,蓟州马伸桥网格,BC,蓟州分公司,0022,天津市
1696,BEWG0071,宁河城区网格,BE,宁河分公司,0022,天津市
1697,BEWG0071,宁河城区网格,BE,宁河分公司,0022,天津市
1698,BEWG0071,宁河城区网格,BE,宁河分公司,0022,天津市
1699,BEWG0071,宁河城区网格,BE,宁河分公司,0022,天津市
1700,B4WG0068,塘沽南网格,B4,滨海分公司,0022,天津市
1701,BCWG0052,蓟州马伸桥网格,BC,蓟州分公司,0022,天津市
1702,BCWG0052,蓟州马伸桥网格,BC,蓟州分公司,0022,天津市
1703,BDWG0013,宝坻东南网格,BD,宝坻分公司,0022,天津市
1704,BDWG0013,宝坻东南网格,BD,宝坻分公司,0022,天津市
1705,B4WG0082,塘沽中网格,B4,滨海分公司,0022,天津市
1706,B4WG0082,塘沽中网格,B4,滨海分公司,0022,天津市
1707,B4WG0082,塘沽中网格,B4,滨海分公司,0022,天津市
1708,B4WG0082,塘沽中网格,B4,滨海分公司,0022,天津市
1709,B4WG0082,塘沽中网格,B4,滨海分公司,0022,天津市
1710,B4WG0082,塘沽中网格,B4,滨海分公司,0022,天津市
1711,B4WG0082,塘沽中网格,B4,滨海分公司,0022,天津市
1712,B4WG0082,塘沽中网格,B4,滨海分公司,0022,天津市
1713,BEWG0077,宁河西区网格,BE,宁河分公司,0022,天津市
1714,B4WG0082,塘沽中网格,B4,滨海分公司,0022,天津市
1715,B4WG0082,塘沽中网格,B4,滨海分公司,0022,天津市
1716,B4WG0082,塘沽中网格,B4,滨海分公司,0022,天津市
1717,BDWG0013,宝坻东南网格,BD,宝坻分公司,0022,天津市
1718,BDWG0013,宝坻东南网格,BD,宝坻分公司,0022,天津市
1719,BEWG0071,宁河城区网格,BE,宁河分公司,0022,天津市
1720,BEWG0071,宁河城区网格,BE,宁河分公司,0022,天津市
1721,B4WG0082,塘沽中网格,B4,滨海分公司,0022,天津市
1722,B4WG0068,塘沽南网格,B4,滨海分公司,0022,天津市
1723,B4WG0068,塘沽南网格,B4,滨海分公司,0022,天津市
1724,B4WG0082,塘沽中网格,B4,滨海分公司,0022,天津市
1725,B4WG0068,塘沽南网格,B4,滨海分公司,0022,天津市
1726,B4WG0067,塘沽北网格,B4,滨海分公司,0022,天津市
1727,B4WG0067,塘沽北网格,B4,滨海分公司,0022,天津市
1728,B4WG0082,塘沽中网格,B4,滨海分公司,0022,天津市
1729,B4WG0067,塘沽北网格,B4,滨海分公司,0022,天津市
1730,B4WG0082,塘沽中网格,B4,滨海分公司,0022,天津市
1731,B4WG0082,塘沽中网格,B4,滨海分公司,0022,天津市
1732,B4WG0067,塘沽北网格,B4,滨海分公司,0022,天津市
1733,,,,,,
1734,B4WG0082,塘沽中网格,B4,滨海分公司,0022,天津市
1735,,,,,,
1736,BEWG0077,宁河西区网格,BE,宁河分公司,0022,天津市
1737,B4WG0082,塘沽中网格,B4,滨海分公司,0022,天津市
1738,B4WG0082,塘沽中网格,B4,滨海分公司,0022,天津市
1739,B4WG0067,塘沽北网格,B4,滨海分公司,0022,天津市
1740,B4WG0067,塘沽北网格,B4,滨海分公司,0022,天津市
1741,B4WG0067,塘沽北网格,B4,滨海分公司,0022,天津市
1742,B4WG0067,塘沽北网格,B4,滨海分公司,0022,天津市
1743,B4WG0082,塘沽中网格,B4,滨海分公司,0022,天津市
1744,B4WG0082,塘沽中网格,B4,滨海分公司,0022,天津市
1745,,,,,,
1746,B4WG0082,塘沽中网格,B4,滨海分公司,0022,天津市
1747,B4WG0082,塘沽中网格,B4,滨海分公司,0022,天津市
1748,B4WG0082,塘沽中网格,B4,滨海分公司,0022,天津市
1749,B4WG0068,塘沽南网格,B4,滨海分公司,0022,天津市
1750,B4WG0068,塘沽南网格,B4,滨海分公司,0022,天津市
1751,B4WG0068,塘沽南网格,B4,滨海分公司,0022,天津市
1752,B4WG0082,塘沽中网格,B4,滨海分公司,0022,天津市
1753,B4WG0067,塘沽北网格,B4,滨海分公司,0022,天津市
1754,B4WG0067,塘沽北网格,B4,滨海分公司,0022,天津市
1755,B4WG0067,塘沽北网格,B4,滨海分公司,0022,天津市
1756,B4WG0067,塘沽北网格,B4,滨海分公司,0022,天津市
1757,B4WG0067,塘沽北网格,B4,滨海分公司,0022,天津市
1758,B4WG0067,塘沽北网格,B4,滨海分公司,0022,天津市
1759,B4WG0067,塘沽北网格,B4,滨海分公司,0022,天津市
1760,B4WG0082,塘沽中网格,B4,滨海分公司,0022,天津市
1761,B4WG0068,塘沽南网格,B4,滨海分公司,0022,天津市
1762,B4WG0082,塘沽中网格,B4,滨海分公司,0022,天津市
1763,B4WG0082,塘沽中网格,B4,滨海分公司,0022,天津市
1764,B4WG0082,塘沽中网格,B4,滨海分公司,0022,天津市
1765,B4WG0082,塘沽中网格,B4,滨海分公司,0022,天津市
1766,B4WG0082,塘沽中网格,B4,滨海分公司,0022,天津市
1767,B4WG0082,塘沽中网格,B4,滨海分公司,0022,天津市
1768,B4WG0082,塘沽中网格,B4,滨海分公司,0022,天津市
1769,B4WG0082,塘沽中网格,B4,滨海分公司,0022,天津市
1770,B4WG0082,塘沽中网格,B4,滨海分公司,0022,天津市
1771,B4WG0082,塘沽中网格,B4,滨海分公司,0022,天津市
1772,B4WG0082,塘沽中网格,B4,滨海分公司,0022,天津市
1773,B4WG0082,塘沽中网格,B4,滨海分公司,0022,天津市
1774,BCWG0052,蓟州马伸桥网格,BC,蓟州分公司,0022,天津市
1775,B4WG0067,塘沽北网格,B4,滨海分公司,0022,天津市
1776,B4WG0067,塘沽北网格,B4,滨海分公司,0022,天津市
1777,B4WG0067,塘沽北网格,B4,滨海分公司,0022,天津市
1778,B4WG0068,塘沽南网格,B4,滨海分公司,0022,天津市
1779,BEWG0071,宁河城区网格,BE,宁河分公司,0022,天津市
1780,B4WG0082,塘沽中网格,B4,滨海分公司,0022,天津市
1781,B4WG0082,塘沽中网格,B4,滨海分公司,0022,天津市
1782,,,,,,
1783,,,,,,
1784,BCWG0052,蓟州马伸桥网格,BC,蓟州分公司,0022,天津市
1785,,,,,,
1786,B4WG0065,开保北网格,B4,滨海分公司,0022,天津市
1787,B4WG0065,开保北网格,B4,滨海分公司,0022,天津市
1788,B4WG0065,开保北网格,B4,滨海分公司,0022,天津市
1789,,,,,,
1790,B4WG0065,开保北网格,B4,滨海分公司,0022,天津市
1791,,,,,,
1792,B4WG0068,塘沽南网格,B4,滨海分公司,0022,天津市
1793,B4WG0068,塘沽南网格,B4,滨海分公司,0022,天津市
1794,B4WG0065,开保北网格,B4,滨海分公司,0022,天津市
1795,B4WG0065,开保北网格,B4,滨海分公司,0022,天津市
1796,B4WG0065,开保北网格,B4,滨海分公司,0022,天津市
1797,B4WG0067,塘沽北网格,B4,滨海分公司,0022,天津市
1798,B4WG0065,开保北网格,B4,滨海分公司,0022,天津市
1799,B4WG0065,开保北网格,B4,滨海分公司,0022,天津市
1800,B4WG0065,开保北网格,B4,滨海分公司,0022,天津市
1801,B4WG0065,开保北网格,B4,滨海分公司,0022,天津市
1802,B4WG0065,开保北网格,B4,滨海分公司,0022,天津市
1803,B4WG0065,开保北网格,B4,滨海分公司,0022,天津市
1804,B4WG0066,开保南网格,B4,滨海分公司,0022,天津市
1805,BEWG0076,宁河北区网格,BE,宁河分公司,0022,天津市
1806,B4WG0068,塘沽南网格,B4,滨海分公司,0022,天津市
1807,B4WG0066,开保南网格,B4,滨海分公司,0022,天津市
1808,B4WG0065,开保北网格,B4,滨海分公司,0022,天津市
1809,B4WG0068,塘沽南网格,B4,滨海分公司,0022,天津市
1810,B4WG0068,塘沽南网格,B4,滨海分公司,0022,天津市
1811,B4WG0068,塘沽南网格,B4,滨海分公司,0022,天津市
1812,,,,,,
1813,B4WG0066,开保南网格,B4,滨海分公司,0022,天津市
1814,BCWG0052,蓟州马伸桥网格,BC,蓟州分公司,0022,天津市
1815,B4WG0065,开保北网格,B4,滨海分公司,0022,天津市
1816,B4WG0065,开保北网格,B4,滨海分公司,0022,天津市
1817,B4WG0068,塘沽南网格,B4,滨海分公司,0022,天津市
1818,B4WG0068,塘沽南网格,B4,滨海分公司,0022,天津市
1819,B4WG0068,塘沽南网格,B4,滨海分公司,0022,天津市
1820,B4WG0065,开保北网格,B4,滨海分公司,0022,天津市
1821,B4WG0065,开保北网格,B4,滨海分公司,0022,天津市
1822,B4WG0065,开保北网格,B4,滨海分公司,0022,天津市
1823,B4WG0068,塘沽南网格,B4,滨海分公司,0022,天津市
1824,BEWG0076,宁河北区网格,BE,宁河分公司,0022,天津市
1825,B4WG0066,开保南网格,B4,滨海分公司,0022,天津市
1826,B4WG0066,开保南网格,B4,滨海分公司,0022,天津市
1827,B4WG0066,开保南网格,B4,滨海分公司,0022,天津市
1828,B4WG0066,开保南网格,B4,滨海分公司,0022,天津市
1829,BEWG0071,宁河城区网格,BE,宁河分公司,0022,天津市
1830,BEWG0071,宁河城区网格,BE,宁河分公司,0022,天津市
1831,B4WG0066,开保南网格,B4,滨海分公司,0022,天津市
1832,,,,,,
1833,B4WG0066,开保南网格,B4,滨海分公司,0022,天津市
1834,B4WG0066,开保南网格,B4,滨海分公司,0022,天津市
1835,B4WG0066,开保南网格,B4,滨海分公司,0022,天津市
1836,B4WG0068,塘沽南网格,B4,滨海分公司,0022,天津市
1837,BEWG0071,宁河城区网格,BE,宁河分公司,0022,天津市
1838,B4WG0064,汉沽河西网格,B4,滨海分公司,0022,天津市
1839,BEWG0071,宁河城区网格,BE,宁河分公司,0022,天津市
1840,B4WG0064,汉沽河西网格,B4,滨海分公司,0022,天津市
1841,B4WG0064,汉沽河西网格,B4,滨海分公司,0022,天津市
1842,BEWG0076,宁河北区网格,BE,宁河分公司,0022,天津市
1843,BEWG0076,宁河北区网格,BE,宁河分公司,0022,天津市
1844,,,,,,
1845,BEWG0076,宁河北区网格,BE,宁河分公司,0022,天津市
1846,B4WG0064,汉沽河西网格,B4,滨海分公司,0022,天津市
1847,B4WG0064,汉沽河西网格,B4,滨海分公司,0022,天津市
1848,B4WG0064,汉沽河西网格,B4,滨海分公司,0022,天津市
1849,B4WG0064,汉沽河西网格,B4,滨海分公司,0022,天津市
1850,B4WG0064,汉沽河西网格,B4,滨海分公司,0022,天津市
1851,,,,,,
1852,BEWG0071,宁河城区网格,BE,宁河分公司,0022,天津市
1853,BEWG0071,宁河城区网格,BE,宁河分公司,0022,天津市
1854,BEWG0071,宁河城区网格,BE,宁河分公司,0022,天津市
1855,BEWG0071,宁河城区网格,BE,宁河分公司,0022,天津市
1856,BEWG0071,宁河城区网格,BE,宁河分公司,0022,天津市
1857,BEWG0071,宁河城区网格,BE,宁河分公司,0022,天津市
1858,BEWG0071,宁河城区网格,BE,宁河分公司,0022,天津市
1859,BEWG0071,宁河城区网格,BE,宁河分公司,0022,天津市
1860,BEWG0071,宁河城区网格,BE,宁河分公司,0022,天津市
1861,BEWG0071,宁河城区网格,BE,宁河分公司,0022,天津市
1862,BEWG0071,宁河城区网格,BE,宁河分公司,0022,天津市
1863,BEWG0071,宁河城区网格,BE,宁河分公司,0022,天津市
1864,BEWG0071,宁河城区网格,BE,宁河分公司,0022,天津市
1865,BEWG0071,宁河城区网格,BE,宁河分公司,0022,天津市
1866,BEWG0071,宁河城区网格,BE,宁河分公司,0022,天津市
1867,BEWG0071,宁河城区网格,BE,宁河分公司,0022,天津市
1868,BEWG0071,宁河城区网格,BE,宁河分公司,0022,天津市
1869,BEWG0071,宁河城区网格,BE,宁河分公司,0022,天津市
1870,B4WG0064,汉沽河西网格,B4,滨海分公司,0022,天津市
1871,BEWG0076,宁河北区网格,BE,宁河分公司,0022,天津市
1872,,,,,,
1873,,,,,,
1874,,,,,,
1875,,,,,,
1876,,,,,,
1877,,,,,,
1878,,,,,,
1879,,,,,,
1880,,,,,,
1881,,,,,,
1882,,,,,,
1883,,,,,,
1884,B4WG0082,塘沽中网格,B4,滨海分公司,0022,天津市
